booking_charge_desc,booking_charge_txt
"FEL HARASS-DV, DV-THREATS/DEATH THRT",
ASLT 3,
UNL TRANSIT COND,
COMM CUSTODY JAIL,
THEFT 2,
OBSTR PUB SERV,
PROBAT HLD,
ASSAULT 4 /DV,
INTIM W/WPN /DV,
UPCS,
DRUG PARA,
THEFT 3,
THEFT 3RD,
VIO NC ORD /DV,
DWLS/DWLR,
THEFT W/INTENT RESELL 2,
ASLT 1 / DV,
MAL MISCH 3 /DV,3RD
DEST PROP /DV,
INTERFERE W/ RPT /DV,
VIOL OF SENTENCE/NCO DV,
DWI,
PSP 3,
POSSESS STOLEN VEHICLE,
TRAFFICKING STOL PROP 1,
MAL MISCH 3,
VEH PROWL,2ND
BURGLARY 2,
FIREALARM/EQUIPMENT TAMPERING,
DUI WITH PRIOR CONVICTION,
VIO REST OR /DV,
DWLS/R 1ST/2ND,
VIO PROT OR /DV,
HOLD REMANN HALL,
RECK DRV,
IDENT THFT 2,
ASLT 4,
RESIS ARR,
INTERF PO,
DWI,2 PRIORS
IDENT THFT 1,
FORGERY,
HIT/RUN ATT,
DWLS/DWLR,3RD
POSS DANG WEAPON,
ASLT 2 -DV,
UPCS W INTENT,
OBSTR PO,
ASLT 1,
POSS ANOTHER'S ID,
UNLAW POSS PERSONAL IDENT DEVICE,
POSS BURG TOOL,
OBSTR-FALSE CHRG/STATEMENTS,
CRIM TRESP,
OPERATE VEH W/O IGN INTERLOCK DEV,
THEFT 1,
THEFT OF MV,
TMVWOP 1,
PEDDLING/SOLICT W/O LICENSE,
RES BURGLARY,
COMM CUSTODY JAIL,UPCS
ROBBERY 2,
DRUG LOITERING PROHIBITED,
FALSE STATEMENT TO PUB SERVANT,
UNL POSS FIREARM 2,
FAIL REGIS S/O,
MAL MISCH 3 /DV,
FAIL TO OBEY,
UNL POSS FIREARM 1,
THEFT 3  /DV,
UNLAW DEL CS,
MAKE POSSESS MTR VEH THFT TOOLS,
ASLT 3 / DV,
ROBBERY 1,
CRIM IMPERSON 1,
RECKLES ENDANGER OF HI-WAY WORKER,
CRIM ASLT /DV,
OBTAIN CS BY FRAUD,
IM UPCS W INT,
DISO PERS/CONDUCT,
CRIM TRESP 1,
FEL HARASS (NON DV),
CRIM TRESP,1ST DEGREE
FTR ACC (PROP),
FUGITIVE,STOLEN VEHICLE
COMM CUSTODY JAIL,FTRSO
NVOL,
RESIST ARR,
TRESPASS 2,
UPCS,METH
POSS OF A STOLEN FIREARM,
PSP 2,
SEX/KIDNAP OFFNDR FAIL TO REGISTER,
MAL MISC 3 /DV,
ASLT 2,
ENTRY ERROR,
HOLD WSI,
ESCAPE 1,
CARRY CONCEALED WPN W/O PERMIT,
UNLAW DEL CS,DRUG COURT VIOL
POSS MARIJUANA - 40 GRAMS OR LESS,
MAL MISCH 2,
CRIM TRSP 2 /DV,
DWLS/DWLR,3RD DEGREE
FORGERY,FTA SUMMONS
FEL PUR/ELUDE,
UPCS W INTENT,DRUG COURT
DWLS/DWLR,DRUG COURT
UPCS,DRUG COURT
DUTY ON STRIKING PROPERTY,
ASLT 2,FTA STATUS HRG
THEFT 2,FTA PLEA
MAL MISCH 1,
FALSE INFO,
DUTY IF INJURY OCCURS - VEH ACC,
FAILURE TO HAVE IGNITION INTERLOCK,
HARASS/THREATEN BOD. INJ,
HARASS  /DV,
COMM CUSTODY JAIL,IDENT THEFT 2ND X 3
COMM CUSTODY JAIL,ASLT 3
FEL DV CRT ORD VIO,
NON-SUPPORT,
RES BURGLARY,D/V
DV CT ORD VIO 2X CONVICTIONS,
RECK BURN 1,
ORGANIZED RETAIL THEFT 2 ND,
ILL DRUG COND/PARA,
TMVWOP 2,
MTR VEH TRANSFER OF OWNERSHIP VIOL,
DUI W/ PRIOR CONVICTION,
REFUSE TO GIVE INFO/COOPERATE W/0,
RETAIL THFT W/EXT CIRCUMSTANCES 3,
CARRYDANGWPNKNIFE,
HOLD MAT WITNESS,
HOLD MISC,
CRIMINAL ASLT,
RECK ENDANGER,
OPER VEH. W/O IGNITION INTERLOCK,
FELONY DUI,
INTRO CONTRA 3,
PROBAT HLD,DRUG PARA
COMM CUSTODY JAIL,IDENT THEFT/UPCS
POSS LEG. DRUG/PROHIBITED ACT,
POSS. MOTOR VEHICLE  THEFT TOOLS,
VIOL N/C ORDER,
AUTO THFT TOOLS,
VIO TRIP PERMIT,
PHYSICAL CNTRL,
PROBAT HLD,UPCS
VIOL COURT ORD /DV,
RECK ENDAN /DV,
MATERIAL WITNESS - MISD,
PUB DIST-VEH SND SYS,
FAIL TO STOP AND GIVE INFO,
PSP 1,
FEL POSS DANGEROUS WEAPON,
UNLAW POS PAY INSTR,
DESTRUCTION OF PROP,
CRIM TRESP /DV,
RAPE 2,
INTIM W/ A WEAPON,
POSS INJ DEVICE,
FEL VEHICLE PROWL,2ND DEGREE
TAMPERING W/PHYSICAL EVIDENCE,
UU BLDG DRUGS,
RES BURGLARY,ATT
CRIM TRESP 2,
VEH PROWL,
COMM CUSTODY JAIL,ROB 2/ASLT 2
UNLAW IMPRISON,DV
CHILD RAPE 1,
BAIL JUMP,
FTR ACC (INJ),
VEH ASLT,
RACING,
CHILD RAPE 3,
POSS DEP MIN ENG SEX EXP CONDUCT,
FTR INJ ACC,
THFT RENT/LEAS PROP,
CARRYING A FIREARM - NO PERMIT,
CONFINE AND IDENT. DANGEROUS DOG,
WEAPONS PROHIBITED IN CERTAIN PLACE,
TRAFFICKING STOL PROP 2,
THFT OF FIREARM (B),
CRIM TRESP,1ST
FEL PUR/ELUDE,ATTEMPTING
COMM CUSTODY JAIL,ASSLT 2
ASLT/DV,
INTERF W/REPORT / DV,
DRIVE BY SHOOTING,
SOL PROST,
NARCOTICS - CONTR SUB,
CIVIL CNTMPT OF CRT,
ESCAPE COMMUNITY CUSTODY,
ESCAPE 2,
MAL MISCH 2 / DV,
EXPOSE MINOR TO DV,
IND COND/EXPOS,
HOLD MISC,IDAHO
POSS UNLAWFUL FIREARM,
ESCAPE 3,
COMM CUSTODY JAIL,ROBBERY 2
NEG DRIVING,
PROBAT HLD,VUSCA
THREAT BODILY INJ/DV,
FUGITIVE,
BURGLARY 1,
POSSESS STOLEN VEHICLE,DV
HARASSMENT /DV,
COMM CUSTODY JAIL,ROBBERY 1ST CONSP
DWLS/R 1ST/2ND,1ST DEGREE
POSSESSION OF DANGEROUS WEAPON,
UIBC,
FUGITIVE,UPCS
UMCS,
ALT ID MARKS,
UPCS,HEROIN
DISPLAY WEAPON,
RECK. ENDANG / DV,
AIM/DISCHARGE FIREARM,
VEH HOMICIDE,
CRIM MISTREAT 2,
VIOL DISTRUB CS TO MINOR UNDER 18,
ASLT CHILD 2ND,
MAIL THEFT,
COMM CUSTODY JAIL,BURG 2ND
TAMP WITNESS,
ASLT/VIO NC ORDER,
FUGITIVE,FTA RETURN DATE
COMMSEXABUSEMINOR,
HUMAN TRAFFICKING 1,
PROM PROST 1,
HOLD IMMIGRAT,
OPER VEH W/O IGNITION INTERLOCK DEV,
UNL SOL TO POSS CONT SUB,
URINATING IN PUBLIC,
DWLS/R 1ST/2ND,3RD
HARASS-THREAT PROP DAMAGE,
COMM CUSTODY JAIL,ATT UPCS
PROBAT HLD,DOSA
FAIL REGIS S/O,THIRD OFFENSE
PROST,
PETTY THEFT /DV,
IND COND EXPOS,
ASLT CHILD 3RD,
COMM CUSTODY JAIL,ID THEFT 2
LOITER FOR PROSTITUTION,
VUCSA CONSPIRACY,
CRIM TRESP,2ND
NARCOTICS - CONTR SUB,MARIJUANA
FALSE RPT,
DWLS/DWLR,2ND
INTIM PUB SERV,
VEH OPR-REFUSE COMPLY POLICE,
RETAIL THFT W/EXT CIRCUMSTANCES 2,
COMM CUSTODY JAIL,BURG 2
SODA VIOL,
CIVIL DRG CRT VIOL,
PSP,BBS
THEFT 3RD,BBS
KIDNAPPING 2,
DESTRUCTION OF EVIDENCE,
DEST PROPERTY,
DWI,BBS
CRIM TRESP 1 /DV,
VEHICLE PROWL 2ND,
INTIM WITNESS,
COUNTERFEITING,
LOADED GUN IN VEHICLE,
CHILD MOLEST 2,
MINOR POSS LIQ,
BUNCO,
COMM CUSTODY JAIL,DV NCO
ASLT/DV STRANGULATION,
DWLS/DWLR,2ND DEGREE
POSS BURG TOOLS,
COMM CUSTODY JAIL,UCPS
STALKING,
PROBAT HLD,UPCS/THEFT 3
COMM CUSTODY JAIL,VIOL NCO DV
POSS LGND DRUG-NO PRESCRIPTION,
MAL HARASSMENT,
UNLAW IMPRISON,
COMM CUSTODY JAIL,UPCS/ID THEFT 2
ASLT/DV,4TH DEG
HIT/RUN UNATT,
PROBAT HLD,"CRIM TRESP, NC VIOL"
UPCS,FTA PLEA
ASLT 2 -DV,ATTEMPTED
VIO NC ORD /DV,FTC
THEFT 1,BY WELFARE FRAUD
POSS DANGEROUS WPN,
FEL PUR/ELUDE,ATT
HOLD US MARSHAL,
COMM CUSTODY JAIL,ASSAULT 3
FINANCIAL FRAUD-UNL POSS PROD/INST,
HIT/RUN ATTND-DAMAGE ONLY,
ASLT POL DOG,HARM POLICE DOG
COMM CUSTODY JAIL,ASLT 2/DEADLY WPN
CRIMINAL SOLICITATION,
POSSESS CNTRL SUBS-PENALTY,
INTERF PO,911 CALL
ALIEN IN POSSESSION OF FIREARM,
ANIMAL CRUELTY 2,
RES BURGLARY,FTA O/H
COMM CUSTODY JAIL,THEFT 1
COMM CUSTODY JAIL,ASSAULT 2
VIO. PROT. ORD - NON-DV,
ATT UNL IMPRIS/DV,
MURDER 1,
REND CRIM ASST 1,
PRESC FORGERY,
COMM CUSTODY JAIL,UPCS / IDENT THEFT 2
LPDA,
OBSTR PO /DV,
ASLT CHILD 1ST,
COMM CUSTODY JAIL,UPCS W/INT
IDENT THEFT  2,
REFUSE INFO,
FAIL YLD EMERG VEH,
PROBAT HLD,SSOSA
THEFT OF MV,BBS
MIN OPER VEH/ALC CONS,
ORGANIZED RETAIL THEFT 1,
COMM CUSTODY JAIL,"UPCS, ID-THEFT 1"
JUVENILE PAROLE HLD,
FAIL REGIS S/O,3RD OFFENSE
DWI,FTA
OBTAIN CS BY FRAUD,DRUG COURT FTA
CHILD MOLEST 1,
LEGEND DRUG- POSS NO PRESC,
LITTERING,
DWLS/R 1ST/2ND,ALL CITY BBS
HARASSMENT,
PROBAT HLD,ASLT 4/DV
CHILD MOLEST 1,ATTEMPTED
POSSESS PISTOL BY PERS AGE 18 T0 21,
RECK ENDANGERMENT,
OFFERING FALSE INSTRUMENT,
THEFT 3,DRUG COURT
BURGLARY 2,DRUG COURT
CUST ASLT,
RES BURGLARY,DV
GRAFFITI POSSESS WITH INTENT,
GRAFFITI VANDALISM,
COMM CUSTODY JAIL,UPCS ATT
FIGHT IN PUB,
WEAPONS-UNL CARRY/SELL,
COMM CUSTODY JAIL,EXTORTION 2
FEL PUR/ELUDE,ATTEMPT
VIO NO CONTACT ORDER,
VOYEURISM -1 (C),
FAILURE TO INITIALLY REGISTER VEHICLE,
INTIM WEAPON,
ROBBERY 1,ATT
NEG DRIVING,1ST DEGREE
RESIST ARR /DV,
POSSESS DRUG PARAPHERNALIA,
WEAPONS-UNL CARRY/SELL,POSS DANGER WEAPO
MASSAGE LICENSING VIOLATION,
RECK BURN 2,
DISCH FIREARM,
COMM CUSTODY JAIL,UPSC ATTEMPT
OPER VEH W/O VAL CERT OF OWNER,
PROBAT HLD,RES BURG/PSP 2
ASLT 2,ATTEMPTED
COMM CUSTODY JAIL,TRAFFICICING SP
COMM CUSTODY JAIL,IDENT THEFT 1
POSS DANG WEAPON,USE FIREARM MINOR
FINANCIAL FRAUD-UNL POSS PROD/INST,DV
THEFT 3,DV
PUBLIC DISTURBANCE,YELLING
MINOR OPER VEH AFTER ALCOHOL CONS,
NVOL WITHOUT ID,
VIOL N/C ORDER,SEXUAL ASSAULT
COMM CUSTODY JAIL,FAIL TO REGISTER AS
UNL POS AMM W/I MAN METH,
ENDANG W/CONTR SUB,
CRIMINAL SOLICITATION,BBS
UPCS,BBS
ANTI-HARAS /DV,
COMM MINOR IMM,
RAPE 3,
MURDER 2,
PROBAT HLD,VIOL NC ORD/ASLT 4
PHONE HARAS /DV,
DISORDERLY CONDUCT(SIP),
DWLS/DWLR,BBS
ARSON 1,
MAL MISCH 2,ATTEMPT
COMM CUSTODY JAIL,ASLT 2/ROB 1
FUGITIVE,UPCS/UDCS
FELONY STALKING,
UNL POSS FICT ID,
FUGITIVE,SEX PENT W/FORCE
PHYS CONTROL,
FUGITIVE,TRAFFICK CON SUB
POSSESS CNTRL SUBS-PENALTY,NO PRESCRIPTION
COMM CUSTODY JAIL,RES BURG/THEFT 2ND
IDENT THFT 2,DRUC COURT
THEFT 2,DRUG COURT
PSP 2,DRUG COURT
RAPE 2,DV
POSS DANG WEAPON,BRASS KNUCKLES
UNL USE FIREARM BY MINOR,
HOLD REMANN HALL,ASLT 2
DISCHARGE OF FIREARMS PROHIBITED,
PROM PROST 2,
FAIL REGIS S/O,BBS
DWLS/R 1ST/2ND,2ND DEGREE
DISO PERS/CONDUCT,DV
HOLD - ORDER OF RETRN,
DISORDERLY CONDUCT,FIGHTING
MALICIOUS HARASSMENT,
OBSTR PO,DRUG COURT
UU BLDG DRUGS,DRUG COURT
COMM CUSTODY JAIL,POSS STOLEN VEH
KIDNAPPING 1,
PROBAT HLD,DOSA REVOKE
FALSE REPORT OF CRIME,
PROBAT HLD,FTA REVIEW HEARING
ESCAPE 1,ATTEMPT
HARASS  /DV,THREATEN BODILY INJ
COMM CUSTODY JAIL,UPFA 2
DWLS/DWLR,1ST DEGREE
CHILD MOLEST 3,
RECREATIONAL FISHING 2ND DEGREE,
DISARMING P.O.,ATTEMPTED
INDECENT EXPOSURE,
MINOR POSS LIQ,ATT
CRIM TRSP 1 /DV,
THEFT RENTAL PROP <750,
CYBERSTALKING,
FALSE STATEMENT TO PUB SERVANT,DRUG COURT
COMM CUSTODY JAIL,FAIL TO REG AS FEL SO
RETAIL THFT W/EXT CIRCUMSTANCES 1,
FUGITIVE,BURGLARY
RES BURGLARY,ATTEMPTED
UPCS,HEROIN & METH
COMM CUSTODY JAIL,ROB 2
COMM CUSTODY JAIL,ASLT 2
UNLAW DEL CS,DRUG CT
CHILD RAPE 2,
FEL PUR/ELUDE,ATTEMPTED
UNL ACT - DRUG,
COMM CUSTODY JAIL,VUCSA
STALKING,D/V
HOLD US MARSHAL,PROB VIOL
BRIBERY,
POSSESSION OF STOLEN MAIL,
VEHICLE OPR-REFUSE COMPLY POLICE,
INTIM WPN /DV,
COM. W/MINOR FOR IMMORAL PURPOSE,
THEFT 3,ATTEMPTED
INTIM PUB SER,
PROBAT HLD,HARRASSMENT
PUBLIC DISTURBANCE,
FUGITIVE,UPCS/THEFT
CONTEMPT OF COURT,
COMM CUSTODY JAIL,ALSO# 131049912
PROBAT HLD,UPCS//BBS
COMM CUSTODY JAIL,RES BURG/UPCS
HOLD COMM CUSTODY,
COMM CUSTODY JAIL,VIOL PROT ORD
MAL MISCH 2 / DV,DV
ALCOHL IN PARK,
UPCS,ATTEMPTED
COMM CUSTODY JAIL,ASLT 3/PSP
POSSESSION OF UNLAWFUL FIREARMS,
COMM CUSTODY JAIL,UPCS W/ INTENT
POSS DEP MIN ENG SEX EXP CONDUCT,2ND
TRANS-CONS/INTOX,
UPCS,FTA TRIAL
MAKING/POSS OF AUTO THEFT TOOLS,
COMM CUSTODY JAIL,ASSLT 3
BURGLARY 1,ATTEMPTED
LOADED PISTOL IN VEH.,NO PERMIT
COMM CUSTODY JAIL,ROBBERY 1
IDENT THFT 1,DV
DWLS/R 1ST/2ND,1ST
WEAPONS-SELL/MAKE/BUY/POSSESS,
TRAFFICKING STOL PROP 1,CONSPIRACY
BURGLARY 1,CONSPIRACY
CRIM TRESP 2,2ND
PROBAT HLD,ASLT 4
DUTY TO OBEY LAW ENFORCEMENT OFC,
PROBAT HLD,THEFT 3RD
AIM/DISCHARGE FIREARM,DV
COMM CUSTODY JAIL,MTR VEH THEFT
UPCS,DRG CRT
UPCS W INTENT,DRG CRT
SEX OFFENDER / NON FELON FAIL REG.,
MINOR POSS LIQ,BUY/SELL/POSSESS
PROBAT HLD,UPF 2ND/PHYS CONTR
TELEPHONE HARASSMENT,
COMM CUSTODY JAIL,VPO
INTIM PUB SERV,THREATS
RAPE 1,
UNLAWFUL BUS CONDUCT,
LURING,
CHILD MOLEST 1,ATT
UNLAW DEL CS,TO MINOR
FURNISH ALCOHOL TO A MINOR,
PHONE HARASS -NON DV,
DWLS/DWLR,1ST
PROBAT HLD,"TMVWP 2, ELUDING"
COMM CUSTODY JAIL,UPCS X2
IND LIB,
FEL HARASS (NON DV),DIRECT THREAT
DWI,DRUG COURT
RECK ENDANGER,DRUG COURT
TRAFFICKING STOL PROP 1,DRUG COURT
PROBAT HLD,TRESS/THEFT
FAILURE TO OBEY POLICE,
MAL MISCH,
CRIM TRESP,2
COMM CUSTODY JAIL,ASSAULT 2ND
PROVIDE FALSE PROOF OF INSURANCE,
COMM CUSTODY JAIL,ARSON 2
RECK ENDANG /DV,
COMM CUSTODY JAIL,KIDNAP 2
THEFT OF MV,ATTEMPT
MINOR IN POSSESSION IN PUBLIC,
FEL VEHICLE PROWL,
ENTRY ERROR,3RD
COMM CUSTODY JAIL,DRUGS.POSSES/MANU
HOLD REMANN HALL,"EXTORTION,MM3X2"
COMM CUSTODY JAIL,CHILD RAPE 1 X 2
MINOR OP VEH/ALC CONS,
CRIMINAL ASLT,4TH
SUPP LIQ MINOR,
UPCS,VUCSA
BURGLARY 2,ATTEMPTED
COMM CUSTODY JAIL,VIO PRO ORD
PROBAT HLD,FORGERY X 4
UPCS,METHAMPHETAMINE
THEFT 1,WF
PROBAT HLD,ASLT 4/RESISTING
ARSON 2,
ARSON 2,ATTEMPTED
COMM CUSTODY JAIL,ROBB 2
UPCS,DRUYG COURT
ROBBERY 2,ATTEMPTED
CRIM IMPERSON 2,
ANIMALS INJURING HUMANS OR DOMESTIC,
UUW,
PSP,
COMM CUSTODY JAIL,"TMVWOP, UPCS"
UPCS,CRACK
UNLAW DEL CS,BBS
MAL MISCH,3RD
COMM CUSTODY JAIL,PRO ORD VIOL
UNLAW SALE CS,
ASLT CHILD 2ND,DV
PHYS CTRL W/ PRIOR CONVICTION,
COMM CUSTODY JAIL,IDENTITY THEFT 2
POSSESS STOLEN VEHICLE,DRUG COURT
DRUG PARA,DRUG COURT
FUGITIVE,NON-SUPPORT
STALKING,ATTEMPTED
MAL MISCH 1,DV
COERCION,
UNL POSS FIREARM 2,DV
THEFT OF MV,DV
BURGLARY 1,DV
COMM CUSTODY JAIL,RTL THFT W/SPC CIR 3
COMM CUSTODY JAIL,ATT MAN DEL POSS IN
BAIL JUMPING,
FUGITIVE,BURG 1 FEL BATTERY
UPCS,NO PRESCRIPTION
POSSESS STOLEN VEHICLE,FTA TRIAL READINESS
POSS INCENDIARY DEV,
FUGITIVE,RETAIL THEFT
FAIL TRANS TITLE W/I 45 DYS,
PHYSICAL CNTRL,BBS
FALSE IDENTIFICAITON,
INCEST 1,
INCEST 2,
NVOL W/O ID,
DWLS/R 1ST/2ND,2ND
DWLS/DWLR,3RD DEG
DISARMING P.O.,
COMM CUSTODY JAIL,ASLT 3 X2
UPCS,OXY PILLS
ABANDONMNT 3,
VIO PROT OR /DV,POST SENTENCE
MONEY LAUNDERING,
PROBAT HLD,USPCS
VIOL PROT ORD - NON DV,
HAB OFFENDER,
CONSP COM MURDER,1ST
ROBBERY 1,ATTEMPTED
INTRO CONTRA 2,
THEFT 1,ATTEMPTED
PROBAT HLD,UPCS UNLAW SOLICIT
LEAVE CHLD UNATT/CAR,
ILL DRUG CONDUCT,
"UNLAWFUL MAN, SALE/OFFER SELL EXPLO",
THREATENED BODILY INJURY-NON DV,
COMM CUSTODY JAIL,UPCS - HEROIN
UNL POSS FIREARM 1,DRUG COURT
UNL POSS FIREARM 2,DRUG COURT
POSS OF A STOLEN FIREARM,DRUG COURT
COMM CUSTODY JAIL,`
FUGITIVE,FALSE ID
ROBBERY 2,DV
DISCLOSING INTIMATE IMAGES,DV
DELIVER FIREARM TO INELIGIBLE PERSON,
UPCS W INTENT,VUCSA
PROBAT HLD,UNL SOL PCS
COMM CUSTODY JAIL,ID THEFT 2/FORGERY
FUGITIVE,ASLT 4/RECK DRIVING
COMM CUSTODY JAIL,ATT-UPCS
COMM CUSTODY JAIL,PCS
SWITCHED LICENSE PLATES,
COMM CUSTODY JAIL,ASLT 3RD
VEH PROWL,1ST
PROBAT HLD,TMVWOP 2
ENTRY ERROR,BURG
FELONY DUI,PRIOR VEH ASLT
COMM CUSTODY JAIL,ASLT 3/UPCS
DISORDERLY CONDUCT,PUBLIC DISTERBANCE
THEFT 3,CRIMINAL ATTEMPT
VEHICLE PROWLING 2ND DEGREE,
FUGITIVE,PRO VIOL
MAL MISC 3 /DV,INTERFER 911
THEFT 1,WELFARE FRAUD
ASLT 1,ON LE
COMM CUSTODY JAIL,UPCS - METH
HOLD FBI,
CRIM TRESP 1,`
COMM CUSTODY JAIL,BURG 2/UPCS
NEG DRIVING,1ST
PROBAT HLD,CUSTODIAL ASLT
CRIM TRESP,2ND DEGREE
THEFT OF MV,DRUG COURT
UNLAW IMPRISON,D/V
COMM CUSTODY JAIL,ASLT 3 LAW ENFORCE
THREATS TO DO HARM,
ATT MURDER 1,
CRIM CONSPIRACY,
COURT ORDER VIOLATION,
MAL MISCH 3,DV
ILLEGALLY OBTAIN DISABLED PLACARD,
COMM CUSTODY JAIL,ESCAPE
MAL MISCH 2,DV
COMM CUSTODY JAIL,IDENT THEFT 2
PRISONER POSS CS,
PROBAT HLD,ASLT 3
DRIVE BY SHOOTING,DV
UPCS,PILLS
COMM CUSTODY JAIL,PROT ORDER VIOL
CONSUMER FRAUD TARGETING SENIORS,
DEAL DEP MIN ENG SEX EXP CONDUCT,
FALSE IDENTIFICATION,POSS OF ANOTHERS ID
COMM CUSTODY JAIL,UDCS
CRIMINAL CONSPIRACY,
COMM CUSTODY JAIL,RES BURG
JUVENILE PAROLE HLD,RAPE OF A CHILD 2
COMM CUSTODY JAIL,INDECENT EXPOSURE
FUGITIVE,SEX ABUSE/CHILD 2
POSS LEGEND DRUG/INTENT TO SELL,
COMM CUSTODY JAIL,PROB VIOL
HARASSMENT-THREATEN BODILY INJURY,
PROBAT HLD,SOSSA
DISPLAY WEAPON,DV
COMM CUSTODY JAIL,ROBERY 2
CONTRIB DELIQUENCY MINOR,
BURGLARY 2,ATTEMPT
CRIM ASLT /DV,4TH DEGREE
POSS FICT/ALT LIC,
POSSESION BY OFFENDERS - F/A AMMO,FIREARM
COMM CUSTODY JAIL,VIO DV CRT ORD
VIOL PROT ORD,STALKING
IMPERSONATE P/O,
LURING,CHILD
ROBBERY 2,`
AGGRESIVE BEGGING,
MORTGAGE FRAUD,
VEH PROWL,2ND/ATTEMPTED
FUGITIVE,BURG
FELONY DUI,W/PRIOR VEH HOMOCI
RESIST ARR,DV
COMM CUSTODY JAIL,CHILD MOLEST 2 X 2
COMM CUSTODY JAIL,CHILD MOL 2
PSP,CONSPIRE TO
ASLT/VIO NC ORDER,DV
UPCS,FTA PTC
PROBAT HLD,UPCS W/INT
UPCS,ATT
UPCS,CONSP TO POSS
CONSP COMM PERJ 1,
SEX EXPLOIT MINOR,
UPCS W INTENT,HEROIN
MAL HARASS /DV,
COMM CUSTODY JAIL,UPCS W INT
SEX VIOL PRED,
POSS INJECTION DEVICE,
CRIM IMPERSON 1,FTA OMNIBUS HRG
THEFT 2,ACCESS DEVICE
MAL MISCH 1,D/V
THEFT OF MV,ATTEMPTED
LEADING ORGANIZED CRIME/ORG/MANAGE,
HOLD WSI,ASLT 1
CIVIL FAMILY COURT,
CONTEMPT - TRUANCY CRT ORD,
PROBAT HLD,DV ASSAULT 4TH
FALSE STATEMENT TO PUB SERVANT,FALSE STATEMENTS
UPCS,METH/HEROIN
DISORDERLY CONDUCT,
ASLT 4,SEXUAL MOTIVATION
FALSE REPORT,
PROBAT HLD,UMCS
PROBAT HLD,MAL MISCH 2
COMM CUSTODY JAIL,ASLT 3/PSP 2/THEFT 2
LITTERING GREATER THAN 1 CU. FT.,
IDENT THFT 2,BBS
UNL POSS FIREARM 1,BBS
UPCS W INTENT,BBS
POS WPN CAUSE HARM,
ALTERATION OR FORGERY,
ASLT 4,W/SEXUAL MOTIVATIO
COMM CUSTODY JAIL,HARR
ASLT 1,CONSPIRACY
ASLT 1,ATTEMPTED
PETTY THEFT,
COMM CUSTODY JAIL,ELUDE/UPCS/ASLT3
FUGITIVE,PROB VIO WEAPONS
CRIMINAL ATTEMPT,
THEFT 1,ATT
CCW,
PROSTITUTION,
UNLAW DEL CS,HEROIN
HOLD COMM CUSTODY,POSS PORNOGRAPHY
FUGITIVE,STALKING
CRIM TRESP,IST DEGREE
THEFT 2,DV
COMM CUSTODY JAIL,FAIL TO REG S/O
CIVIL CNTMPT OF CRT,CHILD NEGLECT
VEH PROWL,2ND DEGREE
FUGITIVE,PAROLE VIOLATION
UPCS,FAILED DRG CRT
COMM CUSTODY JAIL,CRIM MISCH ARMED
ENTRY ERROR,1ST
CRIM TRESP /DV,1ST
HARASSMENT - THREATEN MAL ACT,
COMM CUSTODY JAIL,ASLT CHILD
INTRO CONTRA 1,
ENTRY ERROR,FTA PTC
COMM CUSTODY JAIL,FTR FEL SEX OFFEND
COMM CUSTODY JAIL,ASSLT2/HARASS
VIOL CIV ANTI-HAR ORDER,
FALSE INFO,FALSE NAME
PROB VIOL (PROST),
POSSESSION OF UNLAWFUL FIREARMS,SHORT BARREL SHOT
UNL POSS FIREARM 1,FELON
MAL PLACEMENT OF EXPLOSIVES,
FLD TO OBEY POLICE OFFICER,
DWLS/DWLR,FTA
CRIM TRESP,1ST DEG
COMM CUSTODY JAIL,ASSAULT3
RES BURGLARY,D.V
ANTI-HARASSMENT ORDER,
RAPE 2,ATTEMPTED
DUTY IN CASE OF DEATH - VEH ACC,
IDENT THFT 2,DRUG COURT
ANIMAL CRUELTY 1 (C),
OBSTR PO,FAIL TO IDENTIFY
COMM CUSTODY JAIL,ATTEMPT UPCS
COMM CUSTODY JAIL,RAPE/CHILD 3
VOYEURISM -1 (C),ATTEMPT
PROBAT HLD,ASLT 2/ASLT 4
COMM CUSTODY JAIL,"UPCS, BAIL JMP, VUCSA"
COMM CUSTODY JAIL,VIO PROT ORD
POSSESS STOLEN VEHICLE,DRG CT
THEFT OF MV,DRG CT
ASLT 4,W/SEXUAL MOT
CONSP DEL CS,
VIOL COURT ORD /DV,NO CONTACT
COMM CUSTODY JAIL,UPCS/UPCS W/INT
BURGLARY 2,ATT
FEL HARASS (NON DV),THREATS TO KILL
COMM CUSTODY JAIL,UPSC
FUGITIVE,FORGERY
ROBBERY 1,CONSPIRACY
COMM CUSTODY JAIL,VEH ASSAULT
COMM CUSTODY JAIL,BURG 1
HOLD REMANN HALL,ASSAULT 4
PROBAT HLD,VIO NC ORDER
FAIL REGIS S/O,THIRD OFF
COMM CUSTODY JAIL,VIO PROT ORDER
FUGITIVE,FTRSO
MANSLAUGHTER 2,
ROBBERY 1,ATTEMP
UPCS W INTENT,FENTANYL
KIDNAPPING 1,D.V.
KIDNAPPING 1,D.V
COMM CUSTODY JAIL,ASSAULT 3/2 COUNTS
POSS WEAP ON SCHOOL PROP,
THEFT 1,FTA SUMMONS
FELONY DUI,PRIORS
COMM CUSTODY JAIL,THFT 1
ASSAULT 4 /DV,`
HOLD REMANN HALL,ESCAPE 3RD
HOLD REMANN HALL,THEFT
UNL POS EPH W/I MAN METH,
PROBAT HLD,BURG 2/PTSP 1
FUGITIVE,ROBBERY
FUGITIVE,UIBC
PSP 1,DRUG CRT
TRAFFICKING STOL PROP 1,DRUG CRT
ORGANIZED RETAIL THEFT 2 ND,ATTEMPT
MAL MISCH 1,ATTEMPTED
POSS DANG WEAPON,DV
POS WPN CAUSE HARM,DV
CUST INTER,
HARASSMENT /DV,GROSS MISD
VIO NC ORD /DV,POST SENTENCE
RECK DRV,BAIL BOND SURRENDER
UNL POSS FIREARM 1,BAIL BOND SURRENDER
UICD,
PROBAT HLD,REND CRIM ASST 3
VIOLATION OF OCCUPATIONAL LICENSE,
PROBAT HLD,VNCO/ASLT 4 DV
RECKLESS ENDANGERMENT,
ORGANIZED RETAIL THEFT 2 ND,W/ SPECIAL CIRCUMST
HIT/RUN ATT,PROPERTY
UPCS W INTENT,METH
FAIL TO COMPLY,
CRIM ASLT /DV,`
FUGITIVE,THFT BY SHPLFTING
PROBAT HLD,UPCS/CT
COMM CUSTODY JAIL,UPCS 2 CTS
ASLT 1,DV
THEFT 3RD,DV
DEST PROP /DV,DV
COMM W/MINOR FOR IMMORAL PURPOSE,
ASLT 2,ATT
THEFT 1,FTA DRUG CT SCREEN
VEH OPR -REF COMPLY POLICE,
PROBAT HLD,UPCS-DOSA
COMM CUSTODY JAIL,HARASSMENT
POSSESS FICT/ALTERED LICENSE,
COMM CUSTODY JAIL,VEH ASLT
VEH PROWL,1ST DEGREE
THEFT W/INTENT TO RESELL 3,
COMM CUSTODY JAIL,SPOKANE//ROB 1X3
ASLT/VIO NC ORDER,ORDER #17L042S
THREATS TO HARM-DV,
ROBBERY 1,ATTEMPT
RAPE 1,DV
ASLT 3,HOSPITAL STAFF
CRIM TRSP 1 /DV,1ST
MINOR REMAIN PUB PLACE/CONS LIQ,
COMM CUSTODY JAIL,ASLT 3 W/WEAPON
HUMAN TRAFFICKING 2,
ESCAPE FROM CUSTODY,
UNL PROD PAYMENT INSTR,
FUGITIVE,THEFT 1 (2 CTS)
MURDER 2,DV
COMM CUSTODY JAIL,CRIM MISCH WEAPON
DRIVE BY SHOOTING,DRIVE BY SHOOTING
COMM CUSTODY JAIL,ECCAPE/ROBBERY 1
UPCS,FTA 3.5 HEARING
COMM CUSTODY JAIL,ROB 1
UPCS W INTENT,MARIJUANA
OBSTR PO,DV
FUGITIVE,"DWI, UPCS"
PROBAT HLD,FORGERY
COMM CUSTODY JAIL,ID THEFT/FORGERY
PROBAT HLD,UPOF
PROBAT HLD,DWLS /RECKESS DR
UNLAW DEL CS,DRUG COURT
VIOL PROT ORD,
FUGITIVE,ID THFT 2
COMM CUSTODY JAIL,IDENT THFT 2
HARASSMENT /DV,BODILY INJ
COMM CUSTODY JAIL,FAIL TO REGISTER
ASSAULT 4 /DV,BURIEN
VIOL PROTECTION OR/DV,
PROBAT HLD,UNL SOL POSS CON SU
ASLT 1 / DV,FTA ARRAIGNMENT
ORGANIZED RETAIL THEFT 1,3RD
ASLT/DV,STRANGULATION
COMM CUSTODY JAIL,ATT POS CNTRL SUB
COMM CUSTODY JAIL,ID THEFT
UNL TRANSIT COND,BUS CONDUCT
DWI,MARIJUANA
PROBAT HLD,CHILD RAPE 1 (X2)
CRIM TRESP,FIRST DEGREE
FUGITIVE,BURGLARY 1
CHILD RAPE 2,ATTEMPTED
NVOL,W/O ID
COMM CUSTODY JAIL,ATTMPTED UPCS
VIOL NARC,
THEFT 3,BBS
COMM CUSTODY JAIL,ASLT 2 W/DEADLY WEA
ASLT 3,FTC EHM
PROBAT HLD,RAPE/CHILD 1ST
COMM CUSTODY JAIL,IDENTITY THEFT
UPCS,FTA O/H
THEFT 3,ATTEPTED
PROBAT HLD,CT/MM3
PROBAT HLD,CRIM TRES 1
BURGLARY 2,FTA ARRAIGNMENT
MINOR INTOX IN PUB,
VOYEURISM -1 (C),ATTEMPTED`
FEL POSS DANGEROUS WEAPON,FIREARM
NVOL W/O ID,W/O ID
ESCAPE 1,ATT
ATT MURDER 2,
COMM CUSTODY JAIL,ATMP  UPCS
PROM PROST 2,FTA O/H
COMM CUSTODY JAIL,ATT POSS CS
DIST TABACCO W/O LICENSE,
PROBAT HLD,"BURG 2, THEFT 3RD"
PROBAT HLD,MAL MISC/RESISTING
DRUG PARA,PIPES
THEFT OF MV,ATT
PROBAT HLD,THEFT
COMM CUSTODY JAIL,POSV/ELUD ATT
COMM CUSTODY JAIL,RES BURG/ATTEMP
UPCS (MJ) PERS,CRIMINAL SOLICITATIO
MANSLAUGHTER 1,
PHON HARASS /DV,
COMM CUSTODY JAIL,ATT UPCS W/INT
MAL MISCH 1,FTA SUMMONS
COMM CUSTODY JAIL,"BURG 2,  UPCS"
COUNTERFEITING,CONTERFEIT $20/$50
ESCAPE 2,ATTEMPTED
FALSE IDENTIFICATION,
COMM CUSTODY JAIL,ID THEFT 2 / FORGERY
PROBAT HLD,CRIM TRESP 1
LOADED PISTOL IN VEH.,
PSP 2,BBS
ASLT POL DOG,ATTMEPTED
MINOR EXHIBITING EFFECTS OF ALCOHOL,
COMM CUSTODY JAIL,ROB2
PROBAT HLD,PSV
UNL POSS FIREARM 2,BBS
COMM CUSTODY JAIL,UPCS W/INTENT
FUGITIVE,FEL POSS F/A
AGGR MURDER 1,
AGG BEG,
PROBAT HLD,REND CRIM ASST
OBSCENE LIT,
ASLT CHILD 1ST,DV
VIO PROT OR /DV,`
PROBAT HLD,ASLT 4TH
CCW W/O PERMIT,
CONDUCT ACTIVITY W/O LICENSE,
UPCS BY PERSON NOT A PRISONER,
THEFT OF MV,ATTEMPTTED
PROBAT HLD,UNL SOL TO POSS UPC
FELONY STALKING,DV
IND COND/EXPOS TO PER <14,
RAPE 1,ATTEMPT
COMM CUSTODY JAIL,"IDENT THEFT, PSP 2"
FEL HARASS (NON DV),2ND
ROBBERY 1,DV
COMM CUSTODY JAIL,SEX EXPLOITATION
ABANDON DEPENDENT SECOND,
PROBAT HLD,ASSAULT 4/HARASS DV
COMM CUSTODY JAIL,CHILD RAPE 1 X2
UNL. HARBORING RUNAWAY,
SELLING MTV. W/TURNED BACK ODOM,
COMM CUSTODY JAIL,THEFT 2
ASLT CHILD 3RD,FTA SENTENCING
RES BURGLARY,ATTEMPTED/DV
COMM CUSTODY JAIL,UPCS-METH
FUGITIVE,PV//OREGON DOC
HOLD REMANN HALL,"UPCS, THEFT 3, MARIJ"
CRIMINAL ASLT,4TH DEGREE
OBSTR-FALSE CHRG/STATEMENTS,DRUG COURT
UNLAW POS PAY INSTR,DRUG COURT
RIOT-ARMED,
PROM PROST 2,FTA JURY TRIAL
FUGITIVE,ROBBERY 1
RECK DRV,BBS
PROBAT HLD,SSOSA REVIEW
COMM CUSTODY JAIL,DV CT ORDER VIOL
VEH/PED INTERFERENCE-OBSTRUCT TR,
FUGITIVE,STOLEN PROP
THREAT TO BOMB OR INJURE PROPERTY,
MALICIOUS INJ TO RAILROAD PROPERTY,
UNLAW POS PAY INSTR,CHECKS
HOLD REMANN HALL,ASLT 2 DV
COMM CUSTODY JAIL,TMVWOP
JUVENILE PAROLE HLD,"BURG 2, ESCAPE 2"
PROBAT HLD,"CR 2, CM2"
FUGITIVE,USOF/MENACE
FUGITIVE,ASLT WEAPON.DV
CONTEMPT-TRUANCY CRT ORDER,
UPCS W INTENT,MJ
PROBAT HLD,MAL MISCH 3
COMM CUSTODY JAIL,UN POSS OF FIREARM
HARASSMENT /DV,THREATS
ROBBERY 1,CONSIPRACY
ASLT 2 -DV,DV
COMM CUSTODY JAIL,UUBDP
CHILD MOLEST 2,DV
CHILD MOLEST 1,DV
POSS UNLAWFUL FIREARM,SAWED OFF SHOTGUN
COMM CUSTODY JAIL,MURDER 2ND
COMM CUSTODY JAIL,VUSCA
FIGHT IN PUB,DV
PSP 1,DRUG COURT
ASLT CHILD 2ND,FTA SUMMONS
DWLS/DWLR,3
PROBAT HLD,THEFT 3/ RESISTING
DWLS/DWLR,3RD DEEGREE
ANIMAL CRUELTY SECOND DEGREE,INFLICT INJURY
CRIM TRESP 2,UNL CAMPING IN PUBLI
PROBAT HLD,UNL SOL UPCS
PROBAT HLD,TMVWOP
COMM CUSTODY JAIL,ID THEFT 1
ASLT/DV,4TH
PROBAT HLD,HARASS/DV
FEL HARASS (NON DV),MHP COURT
AGRESSIVE BEGGING,
DWLS/R 1ST/2ND,AID/ABET
UNL POSS FIREARM 2,FTC EHM
SEXUAL ASSAULT,
COMM CUSTODY JAIL,ASLT 3/REST ARREST
POSS SUSP DRV LIC,
Unlawful Camping,
MAL EXPLOSION SUBST 2,
CHILD MOLEST 2,ATT
COMM CUSTODY JAIL,ASLT ON LEOF
COMM CUSTODY JAIL,CRIM MISC W/DEAD WP
PROBAT HLD,FTA
COMM CUSTODY JAIL,A/UPCS
EXTOR 1,
HOLD AFP (ARMY),
THEFT 2,THERAPEUTIC COURT
CRIM TRESP 1,DRUG COURT
CHILD RAPE 1,ATTEMPT
CHILD RAPE 2,ATTEMPT
HOLD REMANN HALL,THEFT 1
PROBAT HLD,ASLT 4/MAL MISH 3
VIO ANTI HARRASS,
PROBAT HLD,FAILURE TO PAY
CRIM TRESP,DV
COMM CUSTODY JAIL,MANUFACTURE DRUGS
UPCS W INTENT,SEARCH WARRANT
COMM CUSTODY JAIL,ESC
INTERF WITH STREETS,
FAIL TO DISPERSE,
VIO NC ORD /DV,PRE SENTENCE
PROBAT HLD,UPCS SOLICITATION
PHONE HARASSMENT,
RECKLESS BURNING  2 ND DEGREE,
THEFT 3,FTA
RES BURGLARY,ATTEMPT
FEL HARASS (NON DV),THREATS TO LE
POTENTIALLLY DANGEROUS DOG -NOTIFY,
UPCS,XANAX
UNLAWFUL INHALATION,
CRIMINAL ATTEMPT,DV
PROBAT HLD,UPF/2ND ATTEMPTED
VEH PROWL,ATTEMPT
TRESP PUB,
FUGITIVE,FORGERY/FPO
PROBAT HLD,ROBBERY 2ND
POSSESSION OF UNLAWFUL FIREARMS,SHT BARREL SHOTGU
COMM CUSTODY JAIL,FTRASO
COMM CUSTODY JAIL,METH
UPCS,HEROIN/METH
ASLT 2 -DV,FTA PLEA
DRIVE BY SHOOTING,CONSPIRACY TO COMM
FELONY DUI,W/PRIOR
BURGLARY 2,FTA SUMMONS
COMM CUSTODY JAIL,THEFT 1 / TRAF STOL
COMM CUSTODY JAIL,UPCS ATTEMPTED
COMM CUSTODY JAIL,ASSAULT 3 RD
THEFT 3RD,SHOPLIFT
HOLD US MARSHAL,DANGEROUS DRUGS
FELONY DUI,W/PRIORS
COMM CUSTODY JAIL,RECKLESS BURN X2
FORGERY,FTA
COMM CUSTODY JAIL,CHILD MOLEST 2
DWLS/DWLR,THIRD
PROBAT HLD,ASSLT 4
DV CT ORD VIO 2X CONVICTIONS,3RD
RESTRICTED/OCCUPATIONAL DR LIC,
DWLS/DWLR,3 RD
PATRONIZE PROST,
JUVENILE PAROLE HLD,HARRASS/THREATS
MAL MISC 3 /DV,ATTEMPTING
COMM CUSTODY JAIL,ID THEFT 2 (2 CTS)
UPCS LEGEND W/O PRESCRIPTION,
FORGERY,FTA ARRAIGNMENT
INTERFERE W/HEALTH CARE FAC,
DISCH FIRWORK,
PROBAT HLD,MM3
PROBAT HLD,HARASS/MM3
COMM CUSTODY JAIL,ASSLT3
STALKING,DV
THEFT 3RD,SHOPLIFTING
DRIVE W/LIC SUSPENDED/REVOKED,
ASLT 4 W/ SEXUAL MOTIVATION,
PROBAT HLD,CHILD RAPE 2
POSSESS COUNTERFEIT SUBSTANCE,
MINOR OP VEH/ALC CONS,MARIJUANA
UPCS,HERION
FEL VEHICLE PROWL,2ND
PROBAT HLD,ATTEMPTED ASLT 3
PROBAT HLD,BBS
HOLD COMM CUSTODY,UNL POSS AMMO
THEFT 2,`
UPCS,DANGEROUS DRUGS
CRIM TRESP,IST
CRIM MISCHIEF WITH A DEADLY WEAPON,
HIT/RUN UNATT,PROPERTY
CRIM ASLT /DV,4TH
THEFT 3,ATTEMPT
FUGITIVE,UPCS W/INTENT
RAPE 1,ATTEMPTED
HARASS  /DV,BODILY HARM
FUGITIVE,KIDNAP 1
COMM CUSTODY JAIL,VUSCA- CANNABIS
PROBAT HLD,UPCS/TRESPASS
COMM CUSTODY JAIL,PRT ORD VIOL
COMM CUSTODY JAIL,2X DV COURT ORDER V
THEFT 3RD,ATTEMPTED
HOLD US MARSHAL,UPCS / INTENT
UNL POSS FIREARM 1,DV
COMM CUSTODY JAIL,"UPCS, IDENT THFT 2"
PUB INDECENCY,
COMM CUSTODY JAIL,ASLT/DV
NVOL,WO ID
FEL POSS F/A 2,
PSP,3RD
RAPE 3,DV
COMM CUSTODY JAIL,CCP
DESTROY VEH - FL SURR TITLE,
JUVENILE PAROLE HLD,CHILD MOLEST 1
FUGITIVE,THEFT OF FIREARM
ASLT 3,ATTEMPTED
UNL POSS FIREARM 2,FELON IN POSSESSION OF FIRE ARM
IDENT THFT 2,FTA O/H
PROBAT HLD,UPCS/UUDP
WILLFULLY KILL/BE CRUEL TO ANIMALS,
KIDNAPPING 2,DV
PROBAT HLD,MAL MISC 3
COMM CUSTODY JAIL,ATTEMPT ROB 1
BURGLARY 2,DV
HARASS  /DV,THREATS
DEFR INNKPR,
OBSTRUCT /DV,
PROBAT HLD,"BURG 2, THEFT 2"
UNLAW DEL CS,ATTEMPTED
ASLT 1,W/FASE
COMM CUSTODY JAIL,PROT ORDER/VIO
ASLT 3,LAW ENFORCEMENT
PROBAT HLD,PSP2
PROBAT HLD,CHILD MOLESTATION I
FELONY DUI,W /PRIORS
ASLT 3,DV
PROBAT HLD,ASLT 3/IND EXPOSURE
COMM CUSTODY JAIL,UPCS (2 CTS)
COMM CUSTODY JAIL,IDN THFT 2/UN POS P/I
FALSE/FLIPPING PLATE,
CRIM MISTREAT 1,
THEFT 3RD,THEFT OF SERVICES
PROBAT HLD,BURG 1
PROBAT HLD,TRAFFIC STN PROP 2
PROBAT HLD,ID THEFT 1
UPCS,COCAINE
HOLD REMANN HALL,BURG 2
COMM CUSTODY JAIL,VEHICLE PROWL 2
ASLT 3,FTA SENTENCING
PROBAT HLD,ASLT4/WEAPONS
PROBAT HLD,ASLT 4/THEFT 3
DISO PERS/CONDUCT,BBS
COMM CUSTODY JAIL,RETAIL THEFT/UPCS
PROBAT HLD,TMVWOP/UPCS
RES BURGLARY,ATTEMP
COMM CUSTODY JAIL,THFT 2
URINATE IN PUBLIC,
PROBAT HLD,UPSV
PROBAT HLD,TRAF STLN PROP 1
PROBAT HLD,UPSV/UPCS/DWLS
COMM CUSTODY JAIL,FTR SEX OFFENDER
COMM CUSTODY JAIL,ID THFT 2
FUGITIVE,ASLT/CRIM MISTREAT
COMM CUSTODY JAIL,RETAIL THEFT 3
NEG DRIVING,1STDEGREE
MAL MISCH 3,PHYSICAL DAMAGE
DWLS/R 1ST/2ND,BBS
HIT/RUN UNATT,BBS
CRIM TRESP 2,DV
SOL OCCUPANT OF VEH PUB ROAD,
PROMOTING SEXUAL ABUSE OF A MINOR,
VIO PROT OR /DV,SEXUAL ASSUALT
VIO PROT OR /DV,SEXUAL ASSAULT
PROBAT HLD,SSOSA VIOLATION
COMM CUSTODY JAIL,TRAF STOL PROPR 2
UMCS,METH
DRUG PARA,GLASS PIPE
PROBAT HLD,TRAF IN STOL PROP
FALSE STATEMENT TO PUB SERVANT,BBS
DRUG PARA,BBS
FUGITIVE,THEFT 1
CRIMINAL CONSPIRACY,ROB
ROBBERY 1,SOLICITATION
ENTRY ERROR,"UPCS, IDENT THEFT 2N"
COMM CUSTODY JAIL,BAIL JUMP; UPCS
HOLD US MARSHAL,UPCS
OPERATE VEH W/O IGN INTERLOCK DEV,BBS
THEFT W/INTENT RESELL 1,
CRIM MISTREAT 4,D.V
COMM CUSTODY JAIL,2 CNTS ARSON 2
ILL DRUG COND/PARA,PARAPHERNALIA
COMM CUSTODY JAIL,HIT AND RUN INJURY
VIO NC ORD /DV,BBS
PROBAT HLD,CRIM TRES/BAIL JUMP
ATT MURDER 1,DV
COMM CUSTODY JAIL,RECK BURN 1
CHILD UNATT IN VEH/LIQ EST,
UPCS,CRACK COCAINE
UPCS,CONT SUBS NO PRESCI
PROBAT HLD,TMVWOP2
UPCS,STOLEN VEH/VUCSA
THEFT 3,ATTEMP
PROBAT HLD,DESTRUCTION OF PRO
FUGITIVE,DUI
COMPLICITY-AID/ABET,
COMM CUSTODY JAIL,UPCS/W INTENT
FUGITIVE,ROB/KIDNAP
COMM CUSTODY JAIL,INTIM WITNESS
TRAFFICKING STOL PROP 1,BBS
FEL PUR/ELUDE,BBS
HOLD US MARSHAL,DEA ARREST
CRIMINAL ASSAULT-DV,
SOL OCCUPANTS OF VEH PUB ROAD,
POSSESS STOLEN VEHICLE,ATTEMPTED
DWI,DRUGS
COMM CUSTODY JAIL,CUST ASLT/ VPO
COMM CUSTODY JAIL,ASTL 3 /DV
COMM CUSTODY JAIL,ASLT CHILD 3/UPCS
PROBAT HLD,ASLT 4/DV MM 3/DV
COMM CUSTODY JAIL,"IDENT THFT 2, UPCS, P"
FAILURE TO OBEY FLAGMAN,
VIO NC ORD /DV,`
ASLT 3,ATTEMPT
RES BURGLARY,FTA PLEA
COMM CUSTODY JAIL,UPCS /ASLT 3
COMM CUSTODY JAIL,ATT POSS OF CS
COMM CUSTODY JAIL,IDENT. THEFT/PSP2
THEFT OF MV,DRUIG COURT
MAL MISCH 3,DRUG COURT
STATUTORY RAPE 3,
COMM CUSTODY JAIL,ID THFT/UPCS
UPCS (MJ) PERS,
COMM CUSTODY JAIL,COMM W/MIN FOR IP
COMM CUSTODY JAIL,DRIVE BY SHOOTING
COMM CUSTODY JAIL,BURG 2 X3
TAMP WITNESS,DV
ATT INT CONTRABAND,
ALTER ID MARKS ON FIREARM,
FAIL TO STOP AND GIVE INFO,BBS
OBSTR PUB SERV,BBS
COMM CUSTODY JAIL,VIOL PROT ORDER
CRIM TRESP,UNLAWFUL CAMPING
PROBAT HLD,SOL UPCS
COMM CUSTODY JAIL,"UPCS, UPCS BY I/M"
UNL POSS FIREARM 1,MACHINE GUN
DWI,MINOR
SOLICIT DEL CONTR SUB,
FTR ACC (PROP),BBS
FORGERY,BBS
MALICIOUS HARASSMENT,DV
MAL MISCH 3,VANDALISM
COMM CUSTODY JAIL,UPOFA 2ND
Direct Dog to Harass/Attack Pub. Off,
FUGITIVE,SEX OFFENDER REG.
PROBAT HLD,"ATT ASLT 3 X2 , MM2"
POSS OF EXPLOSIVES W/O LICENSE,
FUGITIVE,DUI W/CHILD
FUGITIVE,BURG.
ASLT 3,ATEMPTED
COMM CUSTODY JAIL,DV/ID THEFT
DESTRUCTION OF PROPERTY,
THEFT 3RD,FTA
DWLS/DWLR,BAINBRIDGE ISLAND
COMM CUSTODY JAIL,THFT
PROBAT HLD,TMV / H&R
COMM CUSTODY JAIL,ASTL3 WEAPONS
COMM CUSTODY JAIL,ID THEFT 2ND
SEXUAL MISC W/A MINOR 2,
IDENT THFT 2,DRG CT
FAIL TO SECURE LOAD,
UMCS,CONSPIRACY
PROBAT HLD,FTR
COMM CUSTODY JAIL,ROBBERY 2ND/ASLT 2
FUGITIVE,MERCED CALIF
COMM CUSTODY JAIL,IDENT THEFT 2ND
FELONY DUI,PREVIOUS VEH HOMO
PROBAT HLD,MAL MISCH 3RD
COMM CUSTODY JAIL,ASLT 1
FUGITIVE,ASLT W/FIREARM
MURDER 1,ATTEMPTED
VOYEURISM -1 (C),1ST DEGREE
KIDNAPPING 1,DV
COMM CUSTODY JAIL,BURGLARY 1
COMM CUSTODY JAIL,POSS STOL VEH/UPCS
VIO NC ORD /DV,VIO #D00048818
UMCS,HEROIN
FEL HARASS (NON DV),W/THREATS TO KILL
CRIM MISCHIEF WITH A DEADLY WEAPON,DV
REC/POSSESS STOLEN PROP,
COMM CUSTODY JAIL,"ASLT 3, RESISTING"
FORGERY,CHECK FRAUD
ROBBERY 1,ARMED
THEFT OF MV,2ND
COMM CUSTODY JAIL,ATMP ARSON 2
FEL PUR/ELUDE,ATMPT
ROBBERY 2,ATT
POSSESS STOLEN VEHICLE,FTA PLEA
RECKLESS BURNING  2ND DEGREE,
UPCS W INTENT,W/FASE
WEAPONS POSS- PRISONER CO/LOC INST,
UPCS,CRACK COCAIN
ASLT 3,ATTEMP
COMM CUSTODY JAIL,POSS STOLEN VEHICLE
FUGITIVE,RAPE 1
VIO NC ORD /DV,PRETRIAL
COMM CUSTODY JAIL,IDTHEFT/UPCS
TAMPERING W/ IGN. INTERLOCK DEVICE,
COMM CUSTODY JAIL,PO VIOL
PROBAT HLD,BAIL JUMP ASLT 4
DWLS/DWLR,3D
ANTI-HARASSMENT ORDER,CIVIL
COMM CUSTODY JAIL,ASLT 2 W/DDLY WPN
WEAPONS POSS-PRISONER STATE INST,
COMM CUSTODY JAIL,UPSV
THEFT 2,FTA PTC
COMM CUSTODY JAIL,ROB 2 / ASLT 2
IDENT THFT 2,TMVWOP/ID THEFT 2
COMM CUSTODY JAIL,ATT UPCS;UPCS
COMM CUSTODY JAIL,"RES BURG, UPCS"
THFT OF FIREARM (B),BBS
OBSTR PO,BBS
BURGLARY 1,BBS
DISCLOSING INTIMATE IMAGES,
CYBERSTALKING,DV
ABANDONMENT DEPENDENT PERSON 3,
COMM CUSTODY JAIL,ASLT CHILD 2
DWLS/DWLR,1ST DEG
UNL POS ID CARD,
COMM CUSTODY JAIL,PSP 2
FUGITIVE,POSS METH
UNLAW DEL CS,ATTEMPT
RECK ENDAN /DV,EXPOSE MINOR TO DV
DUI WITH PRIOR CONVICTION,BOAT LAUNCH
COMM CUSTODY JAIL,ATT ELUDE
PROBAT HLD,ATT ELUDE/DUI
ROBBERY 1,W/DWSE
HOLD US MARSHAL,POSS OF WEAPON
MAL MISCH 3,DESTRUCT OF PROP
ASLT CHILD 3RD,D/V
ASLT 4,W/ SEXUAL MOTIVATIO
BURGLARY 2,FTA PTC
COMM CUSTODY JAIL,CHILD MOLEST X2
UPCS W INTENT,SW
PROBAT HLD,ID THEFT 2/PSP 2
THEFT 2,ATT
ANIMAL CRUELTY SECOND DEGREE,
BAIL JUMP,BBS
POSSESS STOLEN VEHICLE,BBS
VEHICLE PROWL 2ND,DRUG COURT
POSS LEG. DRUG/PROHIBITED ACT,W/O PRESCRIPTION
HOLD WSH,
PROBAT HLD,CRIM TRESPASS 1
FEL HARASS (NON DV),MAL
FUGITIVE,DUI/ASSAULT
COMM CUSTODY JAIL,THEFT/FORGERY
UPCS (MJ) NON,
UPCS W INTENT,COCAINE
DISTRIBUTE CHILD PORN,
MAL MISCH 2 / DV,2ND
MAIL THEFT,DRUG COURT
COMM CUSTODY JAIL,RAPE OF A CHILD 1
PROBAT HLD,CHILD RAPE 2/DVX2
COMM CUSTODY JAIL,"UPCS, BAIL JUMP"
JUVENILE PAROLE HLD,HARASSMENT/THREAT
NON-SUPPORT,FTA
CRIMINAL ASLT,ASSAULT 4
COMM CUSTODY JAIL,ASSAULT 4
COMM CUSTODY JAIL,UPCS/ATT UPCS
REND CRIM ASSIST 2,
MIN OPER VEH/ALC CONS,DUI UNDER 21
COMM CUSTODY JAIL,PROT ORD VIO
UPCS,COCAINE & PILLS
FUGITIVE,AGG BTRY CHILD
COMM CUSTODY JAIL,UPCS/ATTEMPTED
COMM CUSTODY JAIL,PROM PROST
UPCS,FTA PRE-TRIAL
PUB NUIS,
OBSTR. PED./TRAFFIC,
UPCS,ATTEMP
COMM CUSTODY JAIL,EXTORTION
UMCS,MARIJUANA
PROBAT HLD,UNL POSS STOL VEH
FTR ACC (PROP),UNATTENDED
PROBAT HLD,UNL TRANS COND
PROBAT HLD,ATT UPCS
OPER BOAT WHILE INTOXICATED,
ASLT 3,ATT
FUGITIVE,LARCENY
VUCSA CONSPIRACY,METH
RECK ENDANGER,W/ CHILD
FEL DV CRT ORD VIO,POST SENT
PROBAT HLD,TRESPASS 1ST
COMM CUSTODY JAIL,FORGERY
THEFT 2,ATTEMPTED
COMM CUSTODY JAIL,ASSAULT 3RD
FEL DV CRT ORD VIO,FTA OMNIBUS HRG
COMM CUSTODY JAIL,ESCAPE/UPCS-METH
ARSON 2,DV
DWLS/DWLR,`
PROBAT HLD,DRUG COURT
COMM CUSTODY JAIL,UPCS/JEFFERSON CO
FOOD STAMPS-TRAFFICKING,`
FUGITIVE,UDCS
ASSAULT 4 /DV,SEXUAL MOTIVATION
LURING,ATT
CRIM TRESP,1
COMM CUSTODY JAIL,CRIM MISC W/DW
HOLD COMM CUSTODY,ASLT 3
PROBAT HLD,USCS
FOOD STAMPS-TRAFFICKING,
DRUG PARA,USE OF DRUG PARAPH
TMVWOP 2,DV
POSSESS STOLEN VEHICLE,FTA RETURN DATE
VIO ORDER RESTRICTING CONTACT,
ARSON 1,DV
COMM CUSTODY JAIL,THEFT OF MV
UPCS,MARIJUANA
COMM CUSTODY JAIL,CM 2
PEDDLING/SOLICIT W/O LICENSE,
HOLD REMANN HALL,ROBBERY 1 ATTEMPT
FEL VEHICLE PROWL,DV
MAKE POSSESS MTR VEH THFT TOOLS,BBS
MTR VEH TRANSFER OF OWNERSHIP VIOL,BBS
COMM CUSTODY JAIL,IDEN THFT 2/UPCS
POSS INCENDIARY DEV,MALICIOUS PLACEMT
CRIM ASLT /DV,BBS
THEFT 3,DRG CRT
UPCS,SYNTHETIC CANNABOI
PROBAT HLD,ASLT4/RECK DRIV/DW
PEDESTRIAN INTERF,
COMM CUSTODY JAIL,MV THEFT
INVOLV MINOR IN CS TRANSACTION,
HOLD REMANN HALL,ASSLT 4 / MAL MISCH 3
HOLD REMANN HALL,UPOF 2
PROBAT HLD,UPCS/DRUG PARA
COMM CUSTODY JAIL,FIREARMS
COMM CUSTODY JAIL,ASLT 2ND
TAMPERING WITH FIRE ALARM,
PROBAT HLD,REVOCATION HRG
INTIM FIREARM,
HIT/RUN PED,
BURGLARY 2,BURG 2 MAL MISCH 2
PROBAT HLD,ASLT 4/DUI
CUST ASLT,ATTEMPTED
NON-SUPPORT,WSSR
FIREARM SALE/TRANSFER VIOLATION,
ORGANIZED RETAIL THEFT 2 ND,DRUG COURT
PED/VEH OBS TRAFFIC,
PROBAT HLD,ATT TMVWOP/UPCS
"FEL HARASS-DV, DV-THREATS/DEATH THRT",DV
VIOL DISTRUB CS TO MINOR UNDER 18,FTA MOTION
OBSTR PUB SERV,FALSE STATEMENT
COMM CUSTODY JAIL,ID THEFT 2 X2
FIREWORKS PROHIBITED,
UPCS,65 GRAMS MARIJUANA
THEFT 3RD,DRUG COURT
PROBAT HLD,TRAFF STOL PROP 1
NEG DRIVING,1ST DEG
INDECENT LIBERTIES,
BUY/SELL VEH W/ALT SERIAL NUMBER,
COMM CUSTODY JAIL,RETAIL THEFT
THEFT 1,DRUG COURT
ESCAPE 2,DRUG COURT
VIO NC ORD /DV,POST SENTENCED
PROBAT HLD,"UPCS, THEFT 3"
COMM CUSTODY JAIL,ASSUALT
CRIM TRESP /DV,2ND
PROBAT HLD,ATT UPCS/ASLT 4
HARASSMENT-THREATEN BODILY INJURY,DV
EXTOR 1,DV
COMM CUSTODY JAIL,ASLT 2/ ROB 2
TRAFFICKING STOL PROP 1,FTA ARRAIGNMENT
THEFT 2,1 ATT
THEFT 1,ATTEMPT
VIOL FOREIGN PROT ORD,DV
PROBAT HLD,ESCAPE 1
COMM CUSTODY JAIL,ASSLT 2/ASSLT 4
BURGLARY 2,FTA PLEA DATE
COMM CUSTODY JAIL,ID THEFT/FORG
FALSE FIRE ALARM,
COMM CUSTODY JAIL,CMWAWDW
HOLD US MARSHAL,DUI
PUB DIST/NOISE,
COMM CUSTODY JAIL,DOM VIOL VIO
COMM CUSTODY JAIL,UMCS
PSP 2,ATTEMPTED
ASLT 3,ASLT OF DOC OFFICER
COMM CUSTODY JAIL,HIT/RUN INJ
FEL PUR/ELUDE,ATTTEMPTED
PROBAT HLD,ATT TMVWOP/PSP 3
COMM CUSTODY JAIL,BAIL JUMP
NEG DRIVING 1ST,
LEGEND DRUG- POSS NO PRESC,BBS
MINOR IN POSSESSION OF PISTOL,
POSS MARIJUANA - 40 GRAMS OR LESS,BY A MINOR
PROBAT HLD,VPO
INTRO CONTRA 1,DRUGS
COMM CUSTODY JAIL,UPCS METH
PROBAT HLD,UNL SOL TO PCS
THEFT 2,ATTEMPT
COMM CUSTODY JAIL,ATTMPT UPCS
VIOL CIV ANTI-HAR ORDER,DV
PROBAT HLD,THFT3/TRAFF SP2(ATT)
DWI,UNDERAGE
COMM CUSTODY JAIL,TRAF STOL PROP 2 X2
PROBAT HLD,FEL HARR
COMM CUSTODY JAIL,"PSV, UPFA 2"
PROBAT HLD,UPCS/ VPO
HARASS  /DV,BBS
CRIMINAL ASLT,BBS
FUGITIVE,ARMED ROB
RAPE 2,ATTMPT
VIO ORDER RESTRICTING CONTACT,D/V
DUI WITH PRIOR CONVICTION,BBS
COMM CUSTODY JAIL,ID THEFT/UPCS
DISO PERS,DV
RECK DRV,DV
ASLT 2 -DV,ATTEMPT
COMM CUSTODY JAIL,BURG1/ROB1
COMM CUSTODY JAIL,ID THEFT2
INTERFER. W/HEALTH CARE FACILITY,
UPCS W INTENT,SOLICITATION
UPCS,SOLICITATION
ASLT 1 / DV,ATTEMPTED
COMM CUSTODY JAIL,ASLT 2  X 2
COMM CUSTODY JAIL,MANSLAUGHTER 1
FEL HARASS (NON DV),THREATS
PROBAT HLD,ATT ASLT/DUI
COMM CUSTODY JAIL,ASSAULT 2 X2
UPCS,HEROIN/ METH
FUGITIVE,ASLT 2 ON L.E.O
VEH PROWL,ATTEMPTED
DUI WITH PRIOR CONVICTION,THREE PRIOR
OBSTR-FALSE CHRG/STATEMENTS,FALSE INFORMATION
DAMAGE FIRE ALARM,
FORGERY,FRAUD
UNLAW DEL CS,TRAFFICKING
FUGITIVE,THEFT/B&E/FRAUD
VIOL COUNTY/MUNI CRT ORD,
COMM CUSTODY JAIL,ATTEMPT-UPCS
OBSTR. PED./TRAFFIC,SIDEWALK
COMM CUSTODY JAIL,UPOF 2
COMM CUSTODY JAIL,FAIL REG S/O
CIVIL CNTMPT OF CRT,NON SUPPORT
UPCS,INV OF VUCSA
CRIM MISTREAT 1,DV
PROBAT HLD,UPCS W/I
COMM CUSTODY JAIL,ID THFT
FORGERY,DRUG COURT
PROBAT HLD,FELONY HARASSMENT
DISO PERS,
COM. W/MINOR FOR IMMORAL PURPOSE,ATTEMPT
FORGERY,ATTEMPTED
CHILD MOLEST 1,`
FUGITIVE,ROBBERY/BATTERY
FUGITIVE,PAROLE//FTRASO
PROBAT HLD,UPCS/FIREARM
ASLT 4/DV - PREVIOUS CONVICTION,
PROBAT HLD,THEFT 1 AND 2
NVOL,NO ID
RECREATIONAL FISHING 1ST DEGREEE,
BURGLARY 1,W/SEXUAL MOTIVATIO
UNLAW DEL SUBS IN LIEU OF CNTRL SUBS,
COMM CUSTODY JAIL,ASLT 2/UPCS
PROBAT HLD,DUI
FUGITIVE,ESCAPE
ANIMAL CRUELTY 1 (C),DV
PROBAT HLD,UPCS/
CONSP COM MURDER,
PROBAT HLD,BURG 2
ESCAPE 3,ATTEMPTED
POSS DEP MIN ENG SEX EXP CONDUCT,1ST DEGREE
SUSPENDED VEHICLE REGISTRATION,
COMM CUSTODY JAIL,FAIL TO REG
HOLD US MARSHAL,POSS OBSCENE MAT
BURGLARY 1,CONSP
COMM CUSTODY JAIL,VIO PO/DV
COMM CUSTODY JAIL,RAPE 2
COMM CUSTODY JAIL,ATTEMPT-DRUG POSS
PERJURY,
VIOL COURT ORD /DV,VIO PROT ORD/DV
FUGITIVE,PROBATION VIOLATION
PROBAT HLD,UPCS HEROIN
SODA VIOL,SOAP
UPCS W INTENT,FASE
BURGLARY 2,FTA PLEA
UNL PROD PAYMENT INSTR,DRUG COURT
BAIL JUMP,DRUG COURT
OBTAIN CS BY FRAUD,DRUG COURT
COMM CUSTODY JAIL,FRSO
PROBAT HLD,THEFT 2/TTHEFT 3
OBSCR ID MACHINE,
REND CRIM ASSIST 3,
FUGITIVE,AST. 2/STRANGULATIO
PROBAT HLD,TSP 2
FUGITIVE,SEX ASSAULT
VEH ASLT,ATTEMPTED
PROBAT HLD,OBSTRUCTING/MM3
ANTI-HARASSMENT ORDER,VIOLATION
UPCS,CLORAZEPAM
ASLT 2,SUBST BODILY HARM
COMM CUSTODY JAIL,FTR SO
COMM CUSTODY JAIL,PSV/UPCS
UNL POSS FIREARM 1,D/V
ROBBERY 1,D/V
KIDNAPPING 1,D/V
DRUG PARA,DANGEROUS DRUG
FELONY DUI,PRIOR DUI
FEL HARASS (NON DV),BODILY INJ
POSSESS EXPLOSIVE/STINK BOMBS,
COMM CUSTODY JAIL,FTR
IMPROPERLY OBTAIN FINANCIAL INFO,
COMM CUSTODY JAIL, 
COMM CUSTODY JAIL,ID THFT 1
FUGITIVE,PROB VIOL
PROBAT HLD,UPCS MARIJ
FUGITIVE,GRAND THEFT
ASLT CHILD 3RD,DV
ASLT 3,RES BURG
UUW,KNIFE
PROBAT HLD,UPCS W/INTENT
ASLT POL DOG,
Reckless Burning,
PROBAT HLD,ID THEFT
PROBAT HLD,THEFT 1
THEFT MTR VEH FUEL,
COMM CUSTODY JAIL,FAILURE TO REGISTER
COMM CUSTODY JAIL,ROB 2 ASLT 2
PROBAT HLD,ATT ID THEFT 2ND
FAIL RTN W/R,TMVWOP 2
RESIS ARR,AID ARRESTED PERSO
UPCS,"METH, HERION, SYNTH"
ALLOW UNAUTH DRIVER,
COMM CUSTODY JAIL,DV CT ORD VIOL
ENTRY ERROR,UPCS
FUGITIVE,UPCS / DRUG PARA
FUGITIVE,RAPE
HARASSMENT W/EXPLOSIVES,
COMM CUSTODY JAIL,UPCCS
BURGLARY 2,BBS
PROBAT HLD,CT 1
MAL MISCH 3,ATT VANDALISM
ASLT 4,ATTEMPTED
FAIL TO CARRY C/S IN ORIG CONTAINER,
RES BURGLARY,DRG CT
FTR ACC (INJ),BBS
PROBAT HLD,HARASS/VIO NO CON
BURGLARY 1,ATTEMP
COMM CUSTODY JAIL,CRIM MISCH W/D WEP
THEFT 1,WELFARE FRUAD
ENTRY ERROR,3RD DEGREE
COMM CUSTODY JAIL,CHILD RAPE 2
PROBAT HLD,CR 3
FUGITIVE,ID THEFT
"FEL HARASS-DV, DV-THREATS/DEATH THRT",THREAT TO KILL
CONTROLLED SUBSTANCES HOMICIDE,
FALSE INS CLAIM,
COM. W/MINOR FOR IMMORAL PURPOSE,DV
VUCSA CONSPIRACY,HERION
COMM CUSTODY JAIL,UPCS/RETAIL THEFT
ASLT 3,FTA OH
THEFT 3RD,FTA OH
UPCS,FTA OH
COMM CUSTODY JAIL,USDPCS
URINATING IN PUBLIC(SIP),
COMM CUSTODY JAIL,IDENTITY THEFT 2ND
COMM CUSTODY JAIL,IDENT THEFT 2/UPSC
PROBAT HLD,"CRM TRSP 1/DV, THFT"
POSS DEP MIN ENG SEX EXP CONDUCT,2ND DEGREE
FUGITIVE,THEFT
COMM CUSTODY JAIL,ASSAULT 3/ ID THEFT2
VOYEURISM -1 (C),D/V
TRANSIT-SMOKING,
FUGITIVE,CHILD NEGLECT
UNL POSS FIREARM 2,FELON
PROBAT HLD,VNCO
COMM CUSTODY JAIL,USCP
COMM CUSTODY JAIL,ASLT 2/ROB 2
PROBAT HLD,BURG2/PSP
PROBAT HLD,VIOL N/C ORDER
THFT OF FIREARM (B),DV
EXTOR 2,DV
PROBAT HLD,"BURG 2 ,THEFT 3"
UPCS,HEROIN AND METH
ASLT 1,LAW ENFORCEMENT
RECKLESS BURNING- 2,
BURGLARY 2,D/V
FEL VEHICLE PROWL,1ST DEGREE
OWN DOG THAT ATTACKS,
ASLT 4,SEX MOT
PROBAT HLD,PROSTITUTION
ASLT CHILD 1ST,ATTEMPTED
COMM CUSTODY JAIL,"MAL MISCH, ELUDING"
UPCS,FTA JURY TRIAL
RESIS ARR,AID ARRESTED PERS
TRESP PUB,2ND
PARKS - TRESPASS,
COMM CUSTODY JAIL,"ATT UPCS, UPCS"
UPCS,DRUG CORT REVIEW
LOADED GUN IN VEHICLE,RIFLE
POSSESION BY OFFENDERS - F/A AMMO,
POSS. MOTOR VEHICLE  THEFT TOOLS,SHAVED KEYS
IDENTITY THEFT CRIMINAL ATTEMPT,
PROBAT HLD,FEL HARR/ASLT 4
UPCS,FTA DRUG CT SCREEN
COMM CUSTODY JAIL,UPCS/METH
PROBAT HLD,LFO'S
COMM CUSTODY JAIL,RES BURG X 3
COMM CUSTODY JAIL,ASLT 3/ROB2/UPCS
PROBAT HLD,UPCS/DUI
MAIL THEFT,POSS STOLEN MAIL
RECK ENDANGER,ENDANG OF CHILD
ASLT 2,FIREARM INHANCE
COMM CUSTODY JAIL,FRASO
THEFT 2,UPCS
PROBAT HLD,"VPO, ASSAULT 4"
PHYS CNTRL W/ PRIOR CONVICTION,
PROBAT HLD,USPSCS
FAIL TO COMPLY,WITH POLICE
RESIS ARR,DV
COMM CUSTODY JAIL,RAPE 3
CRIM TRESP 1,1ST
COMM CUSTODY JAIL,ASLT3
DRIVING WITHOUT A LICENSE,
WEAPONS POSS BY INTOXICATED PERSON,FORFEITURE OF F/A
FEL POS F/A,
PROBAT HLD,VIO NO CONT/MAL MIS
ASLT 2,BAIL JUMPING
COMM CUSTODY JAIL,ID THEFT/ THEFT
FUGITIVE,UPCS/THEFT 3
COMM CUSTODY JAIL,ID THEFT 1 & 2
DWLS/DWLR,DWLS 3RD
COMM CUSTODY JAIL,PSV
PROBAT HLD,CT 2/THEFT 3/MM 3
COMM CUSTODY JAIL,ROBBERY 2/ASSAULT 2
COMM CUSTODY JAIL,UPCS/UMCS
COMM CUSTODY JAIL,UNL POSS STLN VEH
PROBAT HLD,ASSAULT 4
COMM CUSTODY JAIL,TMV
HOLD AT&F,
HOLD DEA,
COMM CUSTODY JAIL,INTERSTATE COMPACT
PROBAT HLD,RC 3RD
PROBAT HLD,FEL HAR
COMM CUSTODY JAIL,TMVWOP 2ND
COMM CUSTODY JAIL,HARASS/WITN TAMP
UPCS,ATTEMPT
UNL POSS FIREARM 2,FTA
DRIVE BY SHOOTING,FTA
UPCS,FTA
COMM CUSTODY JAIL,PROT ORD VIOL
TMVWOP 2,ATTEMPT
COMM CUSTODY JAIL,ROBBERY 2ND
TRAFFICKING STOL PROP 1,DV
DWI,PROB VIOLATION
BUSINESS LIC VIOL,
PROBAT HLD,UPCS W/INTENT X 2
FUGITIVE,ASLT
COMM CUSTODY JAIL,"ASSAULT 3, UPOF 1"
ESCAPE 1,ATC
PSP 2,FTA SUM/ARR
NVOL,W/O IDENT
UPCS,FTA PRE-TRIAL CONF
PROBAT HLD,MINOR IN POSS LIQ
PROBAT HLD,TRES
PROBAT HLD,ROBBERY 2
COMM CUSTODY JAIL,P O VIOL X 2
THEFT LIVESTCK,
PROBAT HLD,"UPSV, RECK DRV"
VIOL COURT ORD /DV,PROTECTION ORDER
UPCS,VUCSA POSS. OF METH
COMM CUSTODY JAIL,"TSP1, UPCS"
ROBBERY 2,ATTEMPT
COMM CUSTODY JAIL,RIOT
COMM CUSTODY JAIL,MISD HARASSMENT
ASLT POL DOG,ATTEMPTED
COMM CUSTODY JAIL,ASLT 2    X2
COMM CUSTODY JAIL,BURG2 / UPCS
PROBAT HLD,USTPCS
HOLD REMANN HALL,TMVWOP
COMM CUSTODY JAIL,ID THEFT 3
VEH ASLT,DUI-VEHICULAR ASLT
PROBAT HLD,UPCS/OBST
UPCS W INTENT,METH/HEROIN
RECK ENDANGERMENT,BBS
HIT/RUN ATT,BBS
KIDNAPPING 2,ATTEMPT
KIDNAPPING 1,ATTEMPT
ROBBERY 2,STRONG ARMED
RECK DRV,3RD
PROBAT HLD,MURDER 2
PROBAT HLD,ASLT 2
FEL PUR/ELUDE,ATTMPT
COMM CUSTODY JAIL,ASLT 2ND & ROB 2ND
COMM CUSTODY JAIL,UNLAW POS FIREARM
PROBAT HLD,RESIDENTIAL BURG
VUCSA CONSPIRACY,ATTEMPTED
"FEL HARASS-DV, DV-THREATS/DEATH THRT",THREAT/BODILY INJ
HOLD US MARSHAL,TRAFFIC OFFENSES
INTERFERE WITH HEALTH CARE FACILITY,
CRIM TRESP 2,`
COMM CUSTODY JAIL,CHILD MOLESTATION 2
PROBAT HLD,RETAIL THEFT
PROBAT HLD,CRIM MIS WEAPO/RIOT
PROBAT HLD,THEFT 3
ASLT 1,CONSPIRACY TO COM
PROBAT HLD,ASLT/RESISTING
ASLT 4,ATTEMPT
FEL HARASS (NON DV),AGAINST LE
UNL POSS FIREARM 2,FELON IN POSSESSION
THEFT 3,RETAIL THEFT SPEC CI
COMM CUSTODY JAIL,ID THEFT 2/PSP 2
ASLT 1 / DV,DV
PROBAT HLD,TMVWOP/PSP 3
ASLT 2 -DV,AGGRAVATED
UPCS,`
FUGITIVE,SEX MISCONDUCT 3
COMM CUSTODY JAIL,UU BLDG DRUGS
FEL DV CRT ORD VIO,PROTECTION ORDER
AIDING/ABETTING VIOLATIONS,
UPCS,METH/MORPHONE/OX
HEALTH PROFESS. UNLICENSED PRACTICE,
PROBAT HLD,ID THEFT/UPCS
CRIM TRESP,1ST DRG
FALSE STATEMENT TO PUB SERVANT,D/V
ASSAULT 4 /DV,BBS
COMM CUSTODY JAIL,UPCS/FIREARM/VUCSA
COMM CUSTODY JAIL,BURG 2/THFT 1/MM2
ASLT 2 -DV,BBS
ATTEMPTED TAMPER WITH A WITNESS/DV,
FUGITIVE,PROB VIOL/DUI
UPCS,METH/HERION
THEFT 2,FTA ARRAIGNMENT
PROBAT HLD,FTA REVIEW HRG
ASLT 3,SEARCH WARRANT
UNL POSS FIREARM 1,SEARCH WARRANT
COMM CUSTODY JAIL,ID THEFT 2/ PSP2
CHILD MOLEST 1,FTA ARRAIGNMENT
POSS MARIJUANA - 40 GRAMS OR LESS,DRUG COURT
POSS LEG. DRUG/PROHIBITED ACT,DRUG COURT
CHILD RAPE 3,DV
DUTY ON STRIKING PROPERTY,`
VIO. PROT. ORD - NON-DV,NO CONTACT ORDER
PROBAT HLD,ASLT 4/UPCS
ASLT/DV,4TH DEGREE
PROBAT HLD,TSP 2/ UPCS
FTR INJ ACC,FATALITY
ASLT 2,W/DEADLY WEAPON
THREATENED PROPERTY DAMAGE DV,
PSP 2,`
ASLT 2,DV
ASLT 2,MHP COURT
COMM CUSTODY JAIL,IDENT THEFT 2 / UPCS
COMM CUSTODY JAIL,UPOF
PROBAT HLD,DV FELONY HARASSME
FUGITIVE,METH
COMM CUSTODY JAIL,ASLT 2 X 2
PROBAT HLD,HARRASMENT
PROBAT HLD,ASLT4; ASLT3;BRIBERY
UPCS,METH & HEROIN
DWLS/DWLR, 
MIN OPER VEH/ALC CONS,DWI UNDER 21
COMM CUSTODY JAIL,IDENT THFT 2(3 CTS)
UPCS,W/O PRESCRIPTION
CRIMINAL SOLICITATION,MISD
ARSON 1,ATTEMPTED
PROBAT HLD,ATT ASLT 3/OBST
VIOL N/C ORDER,DV
COMM CUSTODY JAIL,ASLT 3/PSP 2/TMVH
DEFRAUD INNKEEPER,
MAL MISC 3 /DV,PHYSICAL DAMAGE
PROBAT HLD,DV CRT ORD VIO
FUGITIVE,THFT 1 (2 CTS)/THFT 2
RES BURGLARY,FTA ARRAIGNMENT
ROBBERY 1,W/FASE
THEFT 1,ATT.
PROBAT HLD,ESCPE CC/UNL SOL CS
PROBAT HLD,RES BURG
TMVWOP 1,DV
BURGLARY 1,D/V
PROBAT HLD,"UPCS, UPFA"
PROBAT HLD,TMVWOP 2ND
JUVENILE PAROLE HLD,CM 1
COMM CUSTODY JAIL,ID-THEFT 1ST & 2ND
RES BURGLARY,1ST
ENTRY ERROR,`
COMM CUSTODY JAIL,ESCAPE 2
PROBAT HLD,CRIM MISCHIF/RIOT/HA
OBSTR PUB SERV,DV
BURGLARY 2,COMMERCIAL
FUGITIVE,THEFT 1 / THEFT 1
CHILD RAPE 2,DV
INCEST 1,DV
HOLD US MARSHAL,PROB HOLD
DISO PERS/CONDUCT,ABUSIVE LANGUAGE
THEFT 3,ATT
DWLS/DWLR,3RDQ
UNLAWFUL FIREARMS/PARTS CONTRABAN,
FUGITIVE,AGG VEH THEFT
POSSESSION LOADED FIREARM,
COMM CUSTODY JAIL,THEFT2 X8/UPCS
DUI WITH PRIOR CONVICTION,2 PRIORS
PROBAT HLD,ASSAULT 4 DV
CHILD MOLEST 3,ATTEMPTED
PROBAT HLD,ASLT 4 DV
CHILD RAPE 1,ATT
HOLD REMANN HALL,ASLT 4/MARIJ POSS
PROBAT HLD,SSOSA//CR X2
COMM CUSTODY JAIL,MISD D/V COURT ORD
OPEN ALCOHOLIC CONTAINER,
PROBAT HLD,ASLT 4 DV/HARSS
FEL DV CRT ORD VIO,DV
VIO NC ORD /DV,PR SENTENCE
COMM CUSTODY JAIL,VEH HOMICIDE
VIO NC ORD /DV,SEXUAL ASSAULT N/C
FALSE INFO,MENTAL HEALTH CRT
THEFT 3,MENTAL HEALTH CRT
OBSTR PO,MENTAL HEALTH CRT
FEL HARASS (NON DV),MENTAL HEALTH CRT
POSS DANG WEAPON,KNIFE
FUGITIVE,PETTY THEFT
COERCION,DV
CHILD RAPE 2,BBS
POSSESS INHALANT,
NARCOTICS - CONTR SUB,MISD
FAIL TO SURRENDER LICENSE TO DOL,
DISPLAY WEAPON,BRANDISHING
COMM CUSTODY JAIL,"PSP2, POSV, PSP2"
HARASSMENT,W/SEXUAL MOTIVATIO
MAL MISCH 2,THERAPEUTIC COURT
INDECENT EXPOSURE,THERAPEUTIC COURT
PROBAT HLD,"FEL HARAS, ASSAULT 4"
COMM CUSTODY JAIL,ASLT2/W DW
LPDA,DRUG RELATED
CRIMINAL ATTEMPT,CRIM SOLICITATION
FAMILY ABANDONMENT,
FUGITIVE,POSS. METH
COMM CUSTODY JAIL,UPCS W INTENT
COMM CUSTODY JAIL,RIOT ARMED
DRUG PARA,USE/DELIVER
COMM CUSTODY JAIL,"ASLT 2, ASLT 3 LE"
DWI,`
FUGITIVE,ARMED ROBBERY
HOLD US MARSHAL,SEX EXPLOIT MINOR
COMM CUSTODY JAIL,UMCS/UPCS W/INT/UP
ASLT 4,PROVOKING
COMM CUSTODY JAIL,ATT TO ELUDE
UPCS,FTA DRUG COURT
CRIMINAL SOLICITATION,GROSS MISD
ASLT 2,SEXUAL MOTIVATION
FUGITIVE,CHECK FRAUD
PROBAT HLD,ATTEMPT ASLT 3/4
HARASSMENT,PHYSICAL DAMAGE
VEH PROWL,3RD
FUGITIVE,OBSTRUCT
PROBAT HLD,FORGERY/THEFT 2
COMM CUSTODY JAIL,FTR SEX OFFEDER
COMM CUSTODY JAIL,COMM W/MINOR/
UPCS W INTENT,DRUG CT REVIEW
UPCS,FTA OMNIBUS
ASLT 1,W/ FIREARM
JUVENILE PAROLE HLD,ASLT 3/UPCS
THEFT 2,CREDIT CARDS
PROBAT HLD,UPOF 2/ASLT 4/DV
FUGITIVE,BURG 1/THEFT 2ND
FEL HARASS (NON DV),TOWARDS LEO
COMM CUSTODY JAIL,CONSPIRA TO CREAT
DWLS/DWLR,DWLS
ESCAPE COMMUNITY CUSTODY,BBS
PROBAT HLD,HARASSMENT
PROBAT HLD,ATT ASLT 3/ASLT 4
HOLD US MARSHAL,SIMPLE ASSAULT
PROBAT HLD,CRIM IMPER 1
POSS LEG. DRUG/PROHIBITED ACT,UPCS PRESCRIP
COMM CUSTODY JAIL,"INT A WTNES, VPO"
THEFT 2,WF
COMM CUSTODY JAIL,TAMP WITH WITNESS
PROBAT HLD,SOL UPCS/THEFT 3
PROBAT HLD,"THFT 3, ATT TRAF SP"
FUGITIVE,BURG 2
COMM CUSTODY JAIL,"ID THEFT, UPCS"
COMM CUSTODY JAIL,UPCS/ASLT 4
COMM CUSTODY JAIL,"IDENT THFT 2, FORG-2"
COMM CUSTODY JAIL,ROBERRY 2
DWLS/R 1ST/2ND,1ST/BBS
PROBAT HLD,POS STOLEN VEHICLE
COMM CUSTODY JAIL,RECK BURNING
UPCS,FTA CONTINUANCE
DATES AND TIMES TO SELL FIREWORKS,
COMM CUSTODY JAIL,KIDNAP 1/IND LIB
HOLD US MARSHAL,ESCAPE
HOLD REMANN HALL,UPOF
UPCS,COCAINE/PILLS
COMM CUSTODY JAIL,ID THEFT 2 (6 CTS)
PROBAT HLD,ASLT4/MM3
PROBAT HLD,ASSAULT 3
TAMPER WITH FIRE ALARM (F),
FEL PUR/ELUDE,ATTEMP
COMM CUSTODY JAIL,ID THEFT/12 COUNTS
COMM CUSTODY JAIL,FTRSO X 2+
COMM CUSTODY JAIL,PROT. ORD VIO
COMM CUSTODY JAIL,INTIM/WITNESS
PROBAT HLD,CWMIP/BAIL JUMP
PROBAT HLD,ATT ASLT 3
CONDUCT ACTIVITY W/O LICENSE,MASSAGE
COMM CUSTODY JAIL,ID THEFT 2/STLN PROP
THEFT 2,FTA O/H
CRIMINAL ATTEMPT,SOLICTATION
COMM CUSTODY JAIL,IDEN THEFT 1X10
TMVWOP 2,ATTEMPTED
CRIMINAL ATTEMPT,SOLICITATION
FUGITIVE,PROB VIOL/PSP
VEH PROWL,DV
RETAIL THFT W/EXT CIRCUMSTANCES 3,ATTEMPTED
THEFT FROM VULNERABLE ADULT 1,
PROBAT HLD,BURG 2/RETAIL THEFT
INTERFERE W/ RPT /DV,`
COMM CUSTODY JAIL,RET THFT SPEC CIRC
COMM CUSTODY JAIL,ID THFT 1/ID THFT 2
COMM CUSTODY JAIL,POSS STOLEN  VEHICL
FEL PUR/ELUDE,DV
COMM CUSTODY JAIL,ASLT
CHILD RAPE 1,ATTEMPED
UNL POSS FIREARM 1,WHILE NOT US CITIZEN
FUGITIVE,ATT MURDER
PROBAT HLD,R THFT THFT 3
COMM CUSTODY JAIL,INC CRIM PROF;BURG 2
THEFT OF MV,ATTEMP
RECK ENDANGER,CHILD
FORGERY,ATTEMPT
COMM CUSTODY JAIL,POV
FUGITIVE,MONTANA
PEDESTRIAN INTERF,WITH TRAFFIC
CRIM ASLT /DV,FTA
COMM CUSTODY JAIL,ID THEFT 1/BURG 2
COMM CUSTODY JAIL,RES BURG/ASSAULT 2
COMM CUSTODY JAIL,UPCS X 2
HOLD US MARSHAL,WEAPON OFFENSE
UPCS,NO PRESCRPT
COMM CUSTODY JAIL,ROBB 2/ ASSLT 2
COMM CUSTODY JAIL,POSS STLN FIREARM
POSS DANG WEAPON,BBS
PROBAT HLD,RECK END
COMM CUSTODY JAIL,MAIL THEFT
ASLT 1,ARMED W/FIREARM
FELONY DUI,6TH
UPCS W INTENT,HEROIN/METH
VIOL COURT ORD /DV,NCO
COMM CUSTODY JAIL,ASSLT 3RD
COMM CUSTODY JAIL,RIOT WITH DEADLY W
POSS UNLAWFUL FIREARM,S/W
UPCS W INTENT,S/W
UNLAWFUL USE OF A FORTIFED BLDG,
PROBAT HLD,CRIMINAL ENDANGERM
CRIM MISTREAT 3,
COMM CUSTODY JAIL,RAPE OF A CHILD
VUCSA CONSPIRACY,MARIJAUNA
UMCS,MARIJAUNA
COMM CUSTODY JAIL,UPCS/ASLT 2
FAIL REGIS S/O,KIDNAP
HARASS  /DV,THREATEN BODY
PROBAT HLD,FORGERY/ID THEFT 2
PROBAT HLD,MM1/THEFT 2
FUGITIVE,FTR SO
SEX OFFENDER / NON FELON FAIL REG.,FTR SO
CRIM ASLT /DV,BBBS
VOYEURISM -1 (C),ATTEMPTED
COMM LIC REQUIRED,
DANGWPNSCHOOL,
ENTRY ERROR,2ND
PROBAT HLD,HARASS
COMM CUSTODY JAIL,THEFT 2/ASLT 3
FUGITIVE,ROB/BATTERY PROB
DWLS/DWLR,1 ST
UNL POSS FIREARM 2,LEFT TREATMENT
DRUG LOITERING PROHIBITED,SODA ORDER
FUGITIVE,FTA GEN FELONY
MAL MISC 3/DV,
INTRO CONTRA 3,METH & HEROIN
RES BURGLARY,THEFT OF F/A
UPCS W INTENT,ATTEMPTED
COMM CUSTODY JAIL,PROT ORDER
COMM CUSTODY JAIL,DELIVERY
COMM CUSTODY JAIL,ID THFT 2  X4
HOLD COMM CUSTODY,POV
ASSAULT 4 /DV,STRANGULATION
CRIM TRSP 2 /DV,DV
COMM CUSTODY JAIL,ASLT 2(2 CTS)
SEX EXPLICIT MAT DISPLAY,
COMM CUSTODY JAIL,FAILURE TO REG.
UPCS W INTENT,"1 METH, 1 HERION"
HOLD US MARSHAL,BANK ROBBERY
NVOL,3RD
MAL MISCH 3 /DV,W/PHYSICAL DAMAGE
UPCS,METH/OXY/MORPHINE
UNLAWFUL TRAFFICKING WILDLIFE 2ND,
COMM CUSTODY JAIL,ROB 1;IDENT THEFT 2
COMM CUSTODY JAIL,"ASSAULT2, ROB2"
HOLD US MARSHAL,PROB. VIOLATION
PROBAT HLD,ASSAULT 2/4 DV
HARASSMENT /DV,DIRECT THREAT
RES BURGLARY,BBS
HAB OFFENDER,DWLS
COMM CUSTODY JAIL,"VUCSA, UPCS"
RIOT-ARMED,CRIMINAL MISCH
CRIM TRESP /DV,2ND DEGREE
HAB OFFENDER,VIOL FINANCIAL RESP
FUGITIVE,BURG 1
DEFR PUB UTILITY,2ND
SOLICITATION PROHIBITED AREAS/LOCATIO,CRIMINAL SOLICIT
DRIVING W/SUSPENDED VEH REGISTRATIO,
UIBC,STOLEN CHECK
COMM CUSTODY JAIL,ASLT 3 / HARASSMENT
COMM CUSTODY JAIL,TMWOP 2
ILLEGAL DEPOSIT OF SOLID WASTE(SIP),ILLEAGAL DUMPING
DIST PEACE,
PROBAT HLD,FL ELUDE
PROBAT HLD,HARASSMENTX2
PROBAT HLD,UPCS/TRESPESS
CRIM TRESP /DV,1ST DEGREE
COMM CUSTODY JAIL,ATTEMPTED ASLT 2
COMM CUSTODY JAIL,BURG 1/THEFT 1/MM2
COMM CUSTODY JAIL,BURGLARY 2
FUGITIVE,NY DOC
HOLD MISC,STRANGULATION / DV
FUGITIVE,UPCS/HEROIN
COMM CUSTODY JAIL,UPCS/TMVWOP
CRIM MISTREAT 3,DV
DWLS/DWLR,1ST/2ND
COMM CUSTODY JAIL,ASLT 2 (LAW ENFORCE)
COMM CUSTODY JAIL,"VEH ASLT, DRUGS"
VIO NC ORD /DV,POST CONVICTION
TRAFFICKING STOL PROP 2,FTA SENTENCING
PROBAT HLD,FIREARM 2ND
UPCS,"METH, HEROIN"
VIO NC ORD /DV,8Z688671
PETTY THEFT /DV,D.V.
COMM CUSTODY JAIL,ASLT 2 DEAD WEAPON
INTIM JUDGE (B),
COMM CUSTODY JAIL,ASLT 4
VIO NC ORD /DV,HARASSMENT
COMM CUSTODY JAIL,FRASO 2ND CONV
UMCS,FTA TRIAL
PHYSICAL CNTRL,ACTUAL
PROBAT HLD,UPSV/POSS MV THFT T
PROBAT HLD,UPCS (2 CTS)
UPCS,DRUG PARA/BAIL JUMP
HOLD REMANN HALL,ROB 2/ ASLT 3
COMM CUSTODY JAIL,TAMP W/WITNESS
FUGITIVE,MATERIAL WITNESS
FUGITIVE,OREGON
CIVIL DRG CRT VIOL,CIVIL DRUG COURT
COMM CUSTODY JAIL,ARSON 1
LEGEND DRUG- POSS NO PRESC,FELONY
VIO NC ORD /DV,FTA
VIOL FOREIGN PROT ORD,
COMM CUSTODY JAIL,DV COURT ORD VIOL
VIO PROT OR /DV,#121036936
UNLAW POS PAY INSTR,STLN CHECK
PROBAT HLD,OBSTRUCTING LE
COMM CUSTODY JAIL,VIO PROT OR
COMM CUSTODY JAIL,UPCS/FORGE
COMM CUSTODY JAIL,THEFT OF A MV
PUB DIST-BLDG/APARTMENT,
DUI WITH PRIOR CONVICTION,AMMENDED MINOR
POSS PSEUDOEPHEDRINE 15 + GRAMS,
ASLT 3,3RD
PROBAT HLD,RES BURG/THEFT 3
COMM CUSTODY JAIL,VUSCA DELIVER
FUGITIVE,PROB VIOL/ASSAULT
RES BURGLARY,ATEMPTED
COMM CUSTODY JAIL,ASLT 1 W/FIREARM
PROBAT HLD,CRIM TRES-REC BURN
ASLT/DV,4
PROBAT HLD,"SOL UPCS, VIOL PO"
PROBAT HLD,"PROT ORD, ASLT 4 D/V"
CRIM TRESP,1 ST
UNL POSS FIREARM 2,FEL POSS. F/A
POSSESS STOLEN VEHICLE,FTA PTC
RAPE 1,D/V
COMM CUSTODY JAIL,HIT AND RUN
THEFT 2,FTA SUMMONS
FUGITIVE,ASLT 3
RES BURGLARY,DRUG COURT
COMM CUSTODY JAIL,"I/D THEFT 2, FORGERY"
UPCS,DRUG CT
THEFT 2,DRUG CT
COMM CUSTODY JAIL,"IDENT THFT 2, UPCS"
ASLT 1,AGGRAVATED DV
IDENT THFT 2,THEFT 2 X2
CRIM TRESP 1,DV
POSS MARIJUANA - 40 GRAMS OR LESS,MINOR
FORGERY,NON FELONY
COMM CUSTODY JAIL,DV CRT ORD VIO
